,buildingId,lotId,price,latLong,minBeds,minBaths,minArea,imgSrc,hasImage,plid,isFeaturedListing,unitCount,buildingName,isBuilding,address,variableData,badgeInfo,statusType,statusText,listingType,isFavorite,detailUrl,has3DModel,hasAdditionalAttributions,canSaveBuilding,zpid,priceLabel,beds,baths,area,isUserClaimingOwner,isUserConfirmedClaim,visited,hdpData,pgapt,sgapt,hasVideo,isHomeRec,availabilityDate,streetViewMetadataURL,streetViewURL
0,32.995792--96.672485,1001413100.0,"$1,371+/mo","{'latitude': 32.995792, 'longitude': -96.672485}",1.0,1.0,712.0,https://photos.zillowstatic.com/fp/2560654cb1f7001d143c7aae4138eec7-p_e.jpg,True,1v5bdxvbb32qr,True,12.0,Canterbury Courts,True,"2600 E Renner Rd, Richardson, TX","{'type': '3D_HOME', 'text': '3D Tour'}",,FOR_RENT,Canterbury Courts,,False,/b/canterbury-courts-richardson-tx-5Xhsg4/,True,False,True,,,,,,,,,,,,,,,,
1,32.999767--96.700516,2198275267.0,"$1,620+/mo","{'latitude': 32.999767, 'longitude': -96.700516}",1.0,1.0,605.0,https://photos.zillowstatic.com/fp/38403f447c8ed86542b3f19a68c3492d-p_e.jpg,True,22p2epva3smq0,True,26.0,Windsor CityLine,True,"1250 Hunt St, Richardson, TX","{'type': '3D_HOME', 'text': '3D Tour'}",,FOR_RENT,Windsor CityLine,,False,/b/windsor-cityline-richardson-tx-9nL3XY/,True,False,True,,,,,,,,,,,,,,,,
2,32.934216--96.72765,2175003179.0,"$1,479+/mo","{'latitude': 32.934216, 'longitude': -96.72765}",1.0,1.0,719.0,https://photos.zillowstatic.com/fp/b9e0ec907b49f1f208096e959d303d72-p_e.jpg,True,23h0ay03hw6ev,True,13.0,Camden Buckingham,True,"430 Buckingham Rd, Richardson, TX","{'type': '3D_HOME', 'text': '3D Tour'}",,FOR_RENT,Camden Buckingham,,False,/b/camden-buckingham-richardson-tx-9hJDsz/,True,False,True,,,,,,,,,,,,,,,,
3,32.933865--96.73186,2566620755.0,"$1,706+/mo","{'latitude': 32.933865, 'longitude': -96.73186}",0.0,0.0,710.0,https://photos.zillowstatic.com/fp/804fa6b83dffdc603178620efd53461d-p_e.jpg,True,14nz325ya3d4m,True,7.0,Richland Park,True,"951 S Abrams Rd, Richardson, TX",{},,FOR_RENT,Richland Park,,False,/b/richland-park-richardson-tx-C6DvvQ/,False,False,True,,,,,,,,,,,,,,,,
4,33.001316--96.64173,1001413025.0,"$1,389+/mo","{'latitude': 33.001316, 'longitude': -96.64173}",1.0,1.0,700.0,https://photos.zillowstatic.com/fp/b601b25813e247e481108246cd295c73-p_e.jpg,True,3sxmcd1ba2p3e,True,15.0,Breckinridge Point,True,"4250 E Renner Rd, Richardson, TX",{},,FOR_RENT,Breckinridge Point,,False,/b/breckinridge-point-richardson-tx-5XhsdW/,False,False,True,,,,,,,,,,,,,,,,
5,32.98405--96.70902,1001412805.0,"$1,509+/mo","{'latitude': 32.98405, 'longitude': -96.70902}",1.0,1.0,760.0,https://photos.zillowstatic.com/fp/1564ba0466c30c0f887f598fafe5a3c9-p_e.jpg,True,461jjzt0hahj2,True,17.0,Galatyn Station,True,"2301 Performance Dr, Richardson, TX",{},,FOR_RENT,Galatyn Station,,False,/b/galatyn-station-richardson-tx-5XhsY3/,False,False,True,,,,,,,,,,,,,,,,
6,33.001194--96.7323,1001542269.0,"$1,528+/mo","{'latitude': 33.001194, 'longitude': -96.7323}",1.0,1.0,733.0,https://photos.zillowstatic.com/fp/b8670b5816136231a9bccdc1e52e9016-p_e.jpg,True,27q6sy50ddbja,True,25.0,The Pradera,True,"851 Greenside Dr, Richardson, TX",{},,FOR_RENT,The Pradera,,False,/b/the-pradera-richardson-tx-5XjyT9/,False,False,True,,,,,,,,,,,,,,,,
7,32.98259--96.70745,2317000990.0,"$1,579+/mo","{'latitude': 32.98259, 'longitude': -96.70745}",1.0,1.0,613.0,https://photos.zillowstatic.com/fp/76aadea943acdaef2bd04983304de6eb-p_e.jpg,True,3bs3917rsy9pp,True,27.0,Junction at Galatyn Park,True,"1050 Galatyn Pkwy, Richardson, TX",{},,FOR_RENT,Junction at Galatyn Park,,False,/b/junction-at-galatyn-park-richardson-tx-BCwBzV/,False,False,True,,,,,,,,,,,,,,,,
8,32.969803--96.72539,1002374642.0,"$1,675+/mo","{'latitude': 32.969803, 'longitude': -96.72539}",1.0,1.0,700.0,https://photos.zillowstatic.com/fp/750c5177fa5a377b3bede7b07e19ff6a-p_e.jpg,True,2fhhfzq6z0k9a,True,15.0,Madison at Melrose,True,"1520 Richardson Dr, Richardson, TX",{},,FOR_RENT,Madison at Melrose,,False,/b/madison-at-melrose-richardson-tx-5Xt49M/,False,False,True,,,,,,,,,,,,,,,,
9,,,"$2,350+/mo","{'latitude': 32.98259, 'longitude': -96.7628}",,,,https://photos.zillowstatic.com/fp/ce3b80c624b6bc073b285350858ef45c-p_e.jpg,True,,True,,,,--,"{'type': 'TIME_ON_INFO', 'text': '72 days ago', 'data': {'isFresh': False}}",,FOR_RENT,Apartment for rent,,False,/homedetails/2230-Hibiscus-Ave-8FAB085CF-Richardson-TX-75080/2066754773_zpid/,False,False,,2066754773,$2.4K,2.0,2.0,1194.0,False,False,False,"{'homeInfo': {'zpid': 2066754773, 'zipcode': '75080', 'city': 'Richardson', 'state': 'TX', 'latitude': 32.98259, 'longitude': -96.7628, 'price': 2350.0, 'datePriceChanged': 1663138800000, 'bathrooms': 2.0, 'bedrooms': 2.0, 'livingArea': 1194.0, 'homeType': 'APARTMENT', 'homeStatus': 'FOR_RENT', 'daysOnZillow': -1, 'isFeatured': True, 'shouldHighlight': False, 'isRentalWithBasePrice': False, 'listing_sub_type': {}, 'isUnmappable': False, 'isPreforeclosureAuction': False, 'homeStatusForHDP': 'FOR_RENT', 'priceForHDP': 2350.0, 'priceChange': 50, 'isNonOwnerOccupied': True, 'isPremierBuilder': False, 'isZillowOwned': False, 'currency': 'USD', 'country': 'USA', 'unit': '# 8fab085cf'}}",ForRent,For Rent,False,False,,,
10,33.002377--96.72915,1001412520.0,"$1,818+/mo","{'latitude': 33.002377, 'longitude': -96.72915}",1.0,1.0,831.0,https://photos.zillowstatic.com/fp/1cb642b9fcbdfe148e0e4e88341fb282-p_e.jpg,True,4nmtx662emf10,True,7.0,Creekside Townhomes,True,"3650 Custer Pkwy, Richardson, TX",{},,FOR_RENT,Creekside Townhomes,,False,/b/creekside-townhomes-richardson-tx-5XhsRD/,False,False,True,,,,,,,,,,,,,,,,
11,32.989456--96.71343,2295863462.0,"$1,548+/mo","{'latitude': 32.989456, 'longitude': -96.71343}",1.0,1.0,688.0,https://photos.zillowstatic.com/fp/75f60f3e6d5b165fc4d70492a8c60093-p_e.jpg,True,vh4b6d2gbvhy,True,10.0,The Flats at Palisades Apartments,True,"2625 Empire Dr, Richardson, TX",{},,FOR_RENT,The Flats at Palisades Apartments,,False,/b/the-flats-at-palisades-apartments-richardson-tx-B8GWMN/,False,False,True,,,,,,,,,,,,,,,,
12,32.985794--96.668144,1001621758.0,"$1,150+/mo","{'latitude': 32.985794, 'longitude': -96.668144}",1.0,1.0,706.0,https://photos.zillowstatic.com/fp/48dbe685068dcb0ea14d8faabda48c0d-p_e.jpg,True,1pp8vkygnxhwj,True,5.0,Villages at Clear Springs,True,"2600 Clear Springs Dr, Richardson, TX",{},,FOR_RENT,Villages at Clear Springs,,False,/b/villages-at-clear-springs-richardson-tx-5XkdZN/,False,False,True,,,,,,,,,,,,,,,,
13,32.999035--96.71395,1002358974.0,"$1,748+/mo","{'latitude': 32.999035, 'longitude': -96.71395}",1.0,1.0,844.0,https://photos.zillowstatic.com/fp/52fa1e1e94d7a940b33f29d5d335af16-p_e.jpg,True,1yt1f7x8j153r,True,10.0,Homes of Prairie Springs,True,"280 W Renner Rd, Richardson, TX",{},,FOR_RENT,Homes of Prairie Springs,,False,/b/homes-of-prairie-springs-richardson-tx-5Xsvcb/,False,False,True,,,,,,,,,,,,,,,,
14,32.98749--96.7153,2287346479.0,"$1,568+/mo","{'latitude': 32.98749, 'longitude': -96.7153}",0.0,1.0,611.0,https://photos.zillowstatic.com/fp/fcb40578dbecd39f802e0b59e4693226-p_e.jpg,True,4bu0xn2u6hmnb,True,9.0,The Lofts at Palisades Apartments,True,"2525 Empire Dr, Richardson, TX",{},,FOR_RENT,The Lofts at Palisades Apartments,,False,/b/the-lofts-at-palisades-apartments-richardson-tx-B6n86P/,False,False,True,,,,,,,,,,,,,,,,
15,32.999744--96.69648,2425695899.0,"$1,504+/mo","{'latitude': 32.999744, 'longitude': -96.69648}",1.0,1.0,542.0,https://photos.zillowstatic.com/fp/0914a6e1d8200ffcff5c2e603b140fc3-p_e.jpg,True,36patc0127zcm,True,30.0,The Register,True,"3520 Wilshire Way, Richardson, TX",{},,FOR_RENT,The Register,,False,/b/the-register-richardson-tx-BZn5fx/,False,False,True,,,,,,,,,,,,,,,,
16,,,"$2,800/mo","{'latitude': 32.946503, 'longitude': -96.6906}",,,,https://photos.zillowstatic.com/fp/257f7ae41f162777891318035ad6522c-p_e.jpg,True,,False,,,,--,"{'type': 'TIME_ON_INFO', 'text': '7 days ago', 'data': {'isFresh': False}}",,FOR_RENT,House for rent,,False,/homedetails/1804-Marquette-Dr-Richardson-TX-75081/27165961_zpid/,False,False,,27165961,$2.8K,4.0,2.0,2024.0,False,False,False,"{'homeInfo': {'zpid': 27165961, 'zipcode': '75081', 'city': 'Richardson', 'state': 'TX', 'latitude': 32.946503, 'longitude': -96.6906, 'price': 2800.0, 'bathrooms': 2.0, 'bedrooms': 4.0, 'livingArea': 2024.0, 'homeType': 'SINGLE_FAMILY', 'homeStatus': 'FOR_RENT', 'daysOnZillow': -1, 'isFeatured': False, 'shouldHighlight': False, 'isRentalWithBasePrice': False, 'zestimate': 412100, 'rentZestimate': 2497, 'listing_sub_type': {}, 'isUnmappable': False, 'isPreforeclosureAuction': False, 'homeStatusForHDP': 'FOR_RENT', 'priceForHDP': 2800.0, 'isNonOwnerOccupied': True, 'isPremierBuilder': False, 'isZillowOwned': False, 'currency': 'USD', 'country': 'USA', 'taxAssessedValue': 267140.0, 'lotAreaValue': 8400.0, 'lotAreaUnit': 'sqft'}}",ForRent,For Rent,False,False,2022-09-22 00:00:00,,
17,,,"$2,500/mo","{'latitude': 32.976322, 'longitude': -96.75801}",,,,https://photos.zillowstatic.com/fp/700311dfd73c52fea37bd98e1f39927d-p_e.jpg,True,,True,,,,--,"{'type': 'TIME_ON_INFO', 'text': '13 days ago', 'data': {'isFresh': False}}",,FOR_RENT,House for rent,,False,/homedetails/1108-Huntington-Dr-Richardson-TX-75080/27168354_zpid/,False,False,,27168354,$2.5K,3.0,3.0,2083.0,False,False,False,"{'homeInfo': {'zpid': 27168354, 'zipcode': '75080', 'city': 'Richardson', 'state': 'TX', 'latitude': 32.976322, 'longitude': -96.75801, 'price': 2500.0, 'bathrooms': 3.0, 'bedrooms': 3.0, 'livingArea': 2083.0, 'homeType': 'SINGLE_FAMILY', 'homeStatus': 'FOR_RENT', 'daysOnZillow': -1, 'isFeatured': True, 'shouldHighlight': False, 'isRentalWithBasePrice': False, 'zestimate': 511300, 'rentZestimate': 2725, 'listing_sub_type': {}, 'isUnmappable': False, 'isPreforeclosureAuction': False, 'homeStatusForHDP': 'FOR_RENT', 'priceForHDP': 2500.0, 'isNonOwnerOccupied': True, 'isPremierBuilder': False, 'isZillowOwned': False, 'currency': 'USD', 'country': 'USA', 'taxAssessedValue': 361930.0, 'lotAreaValue': 8999.0, 'lotAreaUnit': 'sqft'}}",ForRent,For Rent,False,False,2022-09-08 00:00:00,,
18,,,"$3,500/mo","{'latitude': 33.001198, 'longitude': -96.62101}",,,,https://photos.zillowstatic.com/fp/1b07c6b4c7b97c1fddab93b490a99786-p_e.jpg,True,,True,,,,--,"{'type': 'TIME_ON_INFO', 'text': '13 days ago', 'data': {'isFresh': False}}",,FOR_RENT,House for rent,,False,/homedetails/5432-Caine-Rd-Richardson-TX-75082/168648208_zpid/,False,False,,168648208,$3.5K,4.0,3.0,2733.0,False,False,False,"{'homeInfo': {'zpid': 168648208, 'zipcode': '75082', 'city': 'Richardson', 'state': 'TX', 'latitude': 33.001198, 'longitude': -96.62101, 'price': 3500.0, 'bathrooms': 3.0, 'bedrooms': 4.0, 'livingArea': 2733.0, 'homeType': 'SINGLE_FAMILY', 'homeStatus': 'FOR_RENT', 'daysOnZillow': -1, 'isFeatured': True, 'shouldHighlight': False, 'isRentalWithBasePrice': False, 'zestimate': 615700, 'rentZestimate': 2799, 'listing_sub_type': {}, 'isUnmappable': False, 'isPreforeclosureAuction': False, 'homeStatusForHDP': 'FOR_RENT', 'priceForHDP': 3500.0, 'isNonOwnerOccupied': True, 'isPremierBuilder': False, 'isZillowOwned': False, 'currency': 'USD', 'country': 'USA', 'taxAssessedValue': 427402.0, 'lotAreaValue': 3598.0, 'lotAreaUnit': 'sqft'}}",ForRent,For Rent,False,False,2022-09-05 00:00:00,,
19,,,"$3,300/mo","{'latitude': 32.996845, 'longitude': -96.63858}",,,,https://photos.zillowstatic.com/fp/750dcd1836f53576bb1a77bfc4ed8516-p_e.jpg,True,,False,,,,--,"{'type': 'TIME_ON_INFO', 'text': '106 days ago', 'data': {'isFresh': False}}",,FOR_RENT,House for rent,,False,/homedetails/4405-Beck-Dr-Richardson-TX-75082/53111772_zpid/,False,False,,53111772,$3.3K,5.0,2.5,3142.0,False,False,False,"{'homeInfo': {'zpid': 53111772, 'zipcode': '75082', 'city': 'Richardson', 'state': 'TX', 'latitude': 32.996845, 'longitude': -96.63858, 'price': 3300.0, 'datePriceChanged': 1661756400000, 'bathrooms': 2.5, 'bedrooms': 5.0, 'livingArea': 3142.0, 'homeType': 'SINGLE_FAMILY', 'homeStatus': 'FOR_RENT', 'daysOnZillow': -1, 'isFeatured': False, 'shouldHighlight': False, 'isRentalWithBasePrice': False, 'zestimate': 586400, 'rentZestimate': 3028, 'listing_sub_type': {}, 'priceReduction': '$200 (Aug 29)', 'isUnmappable': False, 'isPreforeclosureAuction': False, 'homeStatusForHDP': 'FOR_RENT', 'priceForHDP': 3300.0, 'priceChange': -200, 'isNonOwnerOccupied': True, 'isPremierBuilder': False, 'isZillowOwned': False, 'currency': 'USD', 'country': 'USA', 'taxAssessedValue': 435146.0}}",ForRent,For Rent,False,False,,,
20,,,"$2,550/mo","{'latitude': 32.95258, 'longitude': -96.73987}",,,,https://photos.zillowstatic.com/fp/98643be1be1fe565a031ce6c8258987a-p_e.jpg,True,,True,,,,--,"{'type': 'TIME_ON_INFO', 'text': '10 days ago', 'data': {'isFresh': False}}",,FOR_RENT,House for rent,,False,/homedetails/603-Westwood-Dr-Richardson-TX-75080/27170004_zpid/,False,False,,27170004,$2.6K,3.0,2.0,1623.0,False,False,False,"{'homeInfo': {'zpid': 27170004, 'zipcode': '75080', 'city': 'Richardson', 'state': 'TX', 'latitude': 32.95258, 'longitude': -96.73987, 'price': 2550.0, 'datePriceChanged': 1663138800000, 'bathrooms': 2.0, 'bedrooms': 3.0, 'livingArea': 1623.0, 'homeType': 'SINGLE_FAMILY', 'homeStatus': 'FOR_RENT', 'daysOnZillow': -1, 'isFeatured': True, 'shouldHighlight': False, 'isRentalWithBasePrice': False, 'zestimate': 375900, 'rentZestimate': 2528, 'listing_sub_type': {}, 'priceReduction': '$50 (Sep 14)', 'isUnmappable': False, 'isPreforeclosureAuction': False, 'homeStatusForHDP': 'FOR_RENT', 'priceForHDP': 2550.0, 'priceChange': -50, 'isNonOwnerOccupied': True, 'isPremierBuilder': False, 'isZillowOwned': False, 'currency': 'USD', 'country': 'USA', 'taxAssessedValue': 220000.0, 'lotAreaValue': 8319.0, 'lotAreaUnit': 'sqft'}}",ForRent,For Rent,False,False,2022-09-05 00:00:00,,
21,,,"$3,395/mo","{'latitude': 33.000603, 'longitude': -96.65518}",,,,https://photos.zillowstatic.com/fp/3cf2d56946c86a1ede0dac3b041a4456-p_e.jpg,True,,True,,,,--,"{'type': 'TIME_ON_INFO', 'text': '23 days ago', 'data': {'isFresh': False}}",,FOR_RENT,House for rent,,False,/homedetails/3604-Blackwood-Ct-Richardson-TX-75082/53111843_zpid/,False,False,,53111843,$3.4K,5.0,4.0,3387.0,False,False,False,"{'homeInfo': {'zpid': 53111843, 'zipcode': '75082', 'city': 'Richardson', 'state': 'TX', 'latitude': 33.000603, 'longitude': -96.65518, 'price': 3395.0, 'datePriceChanged': 1662706800000, 'bathrooms': 4.0, 'bedrooms': 5.0, 'livingArea': 3387.0, 'homeType': 'SINGLE_FAMILY', 'homeStatus': 'FOR_RENT', 'daysOnZillow': -1, 'isFeatured': True, 'shouldHighlight': False, 'isRentalWithBasePrice': False, 'zestimate': 675600, 'rentZestimate': 3684, 'listing_sub_type': {}, 'priceReduction': '$100 (Sep 9)', 'isUnmappable': False, 'isPreforeclosureAuction': False, 'homeStatusForHDP': 'FOR_RENT', 'priceForHDP': 3395.0, 'priceChange': -100, 'isNonOwnerOccupied': True, 'isPremierBuilder': False, 'isZillowOwned': False, 'currency': 'USD', 'country': 'USA', 'taxAssessedValue': 422263.0, 'lotAreaValue': 0.2660927456382002, 'lotAreaUnit': 'acres'}}",ForRent,For Rent,False,False,2022-08-23 00:00:00,,
22,,,"$3,125/mo","{'latitude': 32.961452, 'longitude': -96.76208}",,,,https://photos.zillowstatic.com/fp/53274bbef11d470e5ed592ba5a92c9c8-p_e.jpg,True,,True,,,,--,"{'type': 'TIME_ON_INFO', 'text': '22 days ago', 'data': {'isFresh': False}}",,FOR_RENT,House for rent,,False,/homedetails/1241-Evergreen-Dr-Richardson-TX-75080/27171673_zpid/,False,False,,27171673,$3.1K,3.0,2.0,1642.0,False,False,False,"{'homeInfo': {'zpid': 27171673, 'zipcode': '75080', 'city': 'Richardson', 'state': 'TX', 'latitude': 32.961452, 'longitude': -96.76208, 'price': 3125.0, 'bathrooms': 2.0, 'bedrooms': 3.0, 'livingArea': 1642.0, 'homeType': 'SINGLE_FAMILY', 'homeStatus': 'FOR_RENT', 'daysOnZillow': -1, 'isFeatured': True, 'shouldHighlight': False, 'isRentalWithBasePrice': False, 'zestimate': 464200, 'rentZestimate': 2382, 'listing_sub_type': {}, 'isUnmappable': False, 'isPreforeclosureAuction': False, 'homeStatusForHDP': 'FOR_RENT', 'priceForHDP': 3125.0, 'isNonOwnerOccupied': True, 'isPremierBuilder': False, 'isZillowOwned': False, 'currency': 'USD', 'country': 'USA', 'taxAssessedValue': 257180.0, 'lotAreaValue': 0.25826446280991733, 'lotAreaUnit': 'acres'}}",ForRent,For Rent,False,False,2022-10-21 00:00:00,,
23,,,"$1,950/mo","{'latitude': 32.957195, 'longitude': -96.68537}",,,,https://photos.zillowstatic.com/fp/2ad26cca9fcd810e434c8117b3cd4db6-p_e.jpg,True,,False,,,,--,"{'type': 'TIME_ON_INFO', 'text': '16 days ago', 'data': {'isFresh': False}}",,FOR_RENT,House for rent,,False,/homedetails/2020-Auburn-Dr-Richardson-TX-75081/27177726_zpid/,False,False,,27177726,$2.0K,3.0,2.0,1650.0,False,False,False,"{'homeInfo': {'zpid': 27177726, 'zipcode': '75081', 'city': 'Richardson', 'state': 'TX', 'latitude': 32.957195, 'longitude': -96.68537, 'price': 1950.0, 'bathrooms': 2.0, 'bedrooms': 3.0, 'livingArea': 1650.0, 'homeType': 'SINGLE_FAMILY', 'homeStatus': 'FOR_RENT', 'daysOnZillow': -1, 'isFeatured': False, 'shouldHighlight': False, 'isRentalWithBasePrice': False, 'zestimate': 695198, 'rentZestimate': 4401, 'listing_sub_type': {}, 'isUnmappable': False, 'isPreforeclosureAuction': False, 'homeStatusForHDP': 'FOR_RENT', 'priceForHDP': 1950.0, 'isNonOwnerOccupied': True, 'isPremierBuilder': False, 'isZillowOwned': False, 'currency': 'USD', 'country': 'USA', 'taxAssessedValue': 340000.0, 'lotAreaValue': 0.27548209366391185, 'lotAreaUnit': 'acres'}}",ForRent,For Rent,False,False,2022-09-01 00:00:00,,
24,,,"$3,200/mo","{'latitude': 32.949223, 'longitude': -96.75774}",,,,https://photos.zillowstatic.com/fp/b6cc47cd3731e5f4579a63f0333e51e8-p_e.jpg,True,,False,,,,--,"{'type': 'TIME_ON_INFO', 'text': '13 days ago', 'data': {'isFresh': False}}",,FOR_RENT,House for rent,,False,/homedetails/210-Murray-Ln-Richardson-TX-75080/27167978_zpid/,False,False,,27167978,$3.2K,3.0,3.0,2416.0,False,False,False,"{'homeInfo': {'zpid': 27167978, 'zipcode': '75080', 'city': 'Richardson', 'state': 'TX', 'latitude': 32.949223, 'longitude': -96.75774, 'price': 3200.0, 'datePriceChanged': 1662620400000, 'bathrooms': 3.0, 'bedrooms': 3.0, 'livingArea': 2416.0, 'homeType': 'SINGLE_FAMILY', 'homeStatus': 'FOR_RENT', 'daysOnZillow': -1, 'isFeatured': False, 'shouldHighlight': False, 'isRentalWithBasePrice': False, 'zestimate': 531200, 'rentZestimate': 3584, 'listing_sub_type': {}, 'priceReduction': '$300 (Sep 8)', 'isUnmappable': False, 'isPreforeclosureAuction': False, 'homeStatusForHDP': 'FOR_RENT', 'priceForHDP': 3200.0, 'priceChange': -300, 'isNonOwnerOccupied': True, 'isPremierBuilder': False, 'isZillowOwned': False, 'currency': 'USD', 'country': 'USA', 'taxAssessedValue': 294100.0, 'lotAreaValue': 9452.0, 'lotAreaUnit': 'sqft'}}",ForRent,For Rent,False,False,2022-10-01 00:00:00,,
25,,,"$2,675/mo","{'latitude': 32.97071, 'longitude': -96.68297}",,,,https://photos.zillowstatic.com/fp/e677a7c96f95e67a60155f5ae17fcdeb-p_e.jpg,True,,True,,,,--,"{'type': '3D_HOME', 'text': '3D Tour'}",,FOR_RENT,House for rent,,False,/homedetails/2111-Meredith-Ln-Richardson-TX-75081/27160332_zpid/,True,False,,27160332,$2.7K,4.0,2.0,1938.0,False,False,False,"{'homeInfo': {'zpid': 27160332, 'zipcode': '75081', 'city': 'Richardson', 'state': 'TX', 'latitude': 32.97071, 'longitude': -96.68297, 'price': 2675.0, 'bathrooms': 2.0, 'bedrooms': 4.0, 'livingArea': 1938.0, 'homeType': 'SINGLE_FAMILY', 'homeStatus': 'FOR_RENT', 'daysOnZillow': -1, 'isFeatured': True, 'shouldHighlight': False, 'isRentalWithBasePrice': False, 'zestimate': 326600, 'rentZestimate': 2395, 'listing_sub_type': {}, 'isUnmappable': False, 'isPreforeclosureAuction': False, 'homeStatusForHDP': 'FOR_RENT', 'priceForHDP': 2675.0, 'isNonOwnerOccupied': True, 'isPremierBuilder': False, 'isZillowOwned': False, 'currency': 'USD', 'country': 'USA', 'taxAssessedValue': 251210.0, 'lotAreaValue': 10375.0, 'lotAreaUnit': 'sqft'}}",ForRent,For Rent,False,False,,,
26,,,"$3,250/mo","{'latitude': 32.988632, 'longitude': -96.72195}",,,,https://photos.zillowstatic.com/fp/00110ccffa2dc27168780f520613fa49-p_e.jpg,True,,True,,,,--,"{'type': '3D_HOME', 'text': '3D Tour'}",,FOR_RENT,House for rent,,False,/homedetails/402-Lawndale-Dr-Richardson-TX-75080/26589217_zpid/,True,False,,26589217,$3.2K,3.0,2.5,1966.0,False,False,False,"{'homeInfo': {'zpid': 26589217, 'zipcode': '75080', 'city': 'Richardson', 'state': 'TX', 'latitude': 32.988632, 'longitude': -96.72195, 'price': 3250.0, 'bathrooms': 2.5, 'bedrooms': 3.0, 'livingArea': 1966.0, 'homeType': 'SINGLE_FAMILY', 'homeStatus': 'FOR_RENT', 'daysOnZillow': -1, 'isFeatured': True, 'shouldHighlight': False, 'isRentalWithBasePrice': False, 'zestimate': 537400, 'rentZestimate': 2462, 'listing_sub_type': {}, 'isUnmappable': False, 'isPreforeclosureAuction': False, 'homeStatusForHDP': 'FOR_RENT', 'priceForHDP': 3250.0, 'isNonOwnerOccupied': True, 'isPremierBuilder': False, 'isZillowOwned': False, 'currency': 'USD', 'country': 'USA', 'taxAssessedValue': 367424.0, 'lotAreaValue': 9147.0, 'lotAreaUnit': 'sqft'}}",ForRent,For Rent,False,False,2022-09-09 00:00:00,,
27,,,"$3,600/mo","{'latitude': 32.95027, 'longitude': -96.75725}",,,,https://photos.zillowstatic.com/fp/9dcf9422e2e49840d33e0ca0cfd907cd-p_e.jpg,True,,False,,,,--,"{'type': 'TIME_ON_INFO', 'text': '42 days ago', 'data': {'isFresh': False}}",,FOR_RENT,House for rent,,False,/homedetails/201-Murray-Ln-Richardson-TX-75080/27167984_zpid/,False,False,,27167984,$3.6K,4.0,2.5,2330.0,False,False,False,"{'homeInfo': {'zpid': 27167984, 'zipcode': '75080', 'city': 'Richardson', 'state': 'TX', 'latitude': 32.95027, 'longitude': -96.75725, 'price': 3600.0, 'datePriceChanged': 1661497200000, 'bathrooms': 2.5, 'bedrooms': 4.0, 'livingArea': 2330.0, 'homeType': 'SINGLE_FAMILY', 'homeStatus': 'FOR_RENT', 'daysOnZillow': -1, 'isFeatured': False, 'shouldHighlight': False, 'isRentalWithBasePrice': False, 'zestimate': 517900, 'rentZestimate': 3252, 'listing_sub_type': {}, 'priceReduction': '$100 (Aug 26)', 'isUnmappable': False, 'isPreforeclosureAuction': False, 'homeStatusForHDP': 'FOR_RENT', 'priceForHDP': 3600.0, 'priceChange': -100, 'isNonOwnerOccupied': True, 'isPremierBuilder': False, 'isZillowOwned': False, 'currency': 'USD', 'country': 'USA', 'taxAssessedValue': 354320.0, 'lotAreaValue': 6355.0, 'lotAreaUnit': 'sqft'}}",ForRent,For Rent,False,False,,,
28,,,"$1,595/mo","{'latitude': 32.94461, 'longitude': -96.763245}",,,,https://photos.zillowstatic.com/fp/69e7d3c655884ba0db8f9305dd10ee6c-p_e.jpg,True,,True,,,,--,"{'type': 'TIME_ON_INFO', 'text': '50 days ago', 'data': {'isFresh': False}}",,FOR_RENT,Apartment for rent,,False,/homedetails/821-Dublin-Dr-APT-105-Richardson-TX-75080/2082995415_zpid/,False,False,,2082995415,$1.6K,2.0,2.0,1072.0,False,False,False,"{'homeInfo': {'zpid': 2082995415, 'zipcode': '75080', 'city': 'Richardson', 'state': 'TX', 'latitude': 32.94461, 'longitude': -96.763245, 'price': 1595.0, 'datePriceChanged': 1662188400000, 'bathrooms': 2.0, 'bedrooms': 2.0, 'livingArea': 1072.0, 'homeType': 'APARTMENT', 'homeStatus': 'FOR_RENT', 'daysOnZillow': -1, 'isFeatured': True, 'shouldHighlight': False, 'isRentalWithBasePrice': False, 'rentZestimate': 1545, 'listing_sub_type': {}, 'priceReduction': '$100 (Sep 3)', 'isUnmappable': False, 'isPreforeclosureAuction': False, 'homeStatusForHDP': 'FOR_RENT', 'priceForHDP': 1595.0, 'priceChange': -100, 'isNonOwnerOccupied': True, 'isPremierBuilder': False, 'isZillowOwned': False, 'currency': 'USD', 'country': 'USA', 'unit': 'Apt 105', 'lotAreaValue': 5.001997245179063, 'lotAreaUnit': 'acres'}}",ForRent,For Rent,False,False,,,
29,,,"$1,650/mo","{'latitude': 32.94296, 'longitude': -96.76385}",,,,https://photos.zillowstatic.com/fp/77ba981310539bb84ca57247a46bebf9-p_e.jpg,True,,False,,,,--,"{'type': 'TIME_ON_INFO', 'text': '3 hours ago', 'data': {'isFresh': True}}",,FOR_RENT,Apartment for rent,,False,/homedetails/891-Dublin-Dr-APT-A-Richardson-TX-75080/2097752386_zpid/,False,False,,2097752386,$1.6K,1.0,1.5,922.0,False,False,False,"{'homeInfo': {'zpid': 2097752386, 'zipcode': '75080', 'city': 'Richardson', 'state': 'TX', 'latitude': 32.94296, 'longitude': -96.76385, 'price': 1650.0, 'bathrooms': 1.5, 'bedrooms': 1.0, 'livingArea': 922.0, 'homeType': 'APARTMENT', 'homeStatus': 'FOR_RENT', 'daysOnZillow': -1, 'isFeatured': False, 'shouldHighlight': False, 'isRentalWithBasePrice': False, 'rentZestimate': 1394, 'listing_sub_type': {}, 'isUnmappable': False, 'isPreforeclosureAuction': False, 'homeStatusForHDP': 'FOR_RENT', 'priceForHDP': 1650.0, 'isNonOwnerOccupied': True, 'isPremierBuilder': False, 'isZillowOwned': False, 'currency': 'USD', 'country': 'USA', 'unit': 'Apt A', 'lotAreaValue': 9.809986225895317, 'lotAreaUnit': 'acres'}}",ForRent,For Rent,False,False,2022-11-01 00:00:00,,
30,,,"$3,600/mo","{'latitude': 33.003174, 'longitude': -96.638565}",,,,https://photos.zillowstatic.com/fp/33d80f7ca303d9a97b60bb83f9389aab-p_e.jpg,True,,False,,,,--,"{'type': 'TIME_ON_INFO', 'text': '12 hours ago', 'data': {'isFresh': True}}",,FOR_RENT,House for rent,,False,/homedetails/3704-Big-Sky-Ct-Richardson-TX-75082/55701533_zpid/,False,False,,55701533,$3.6K,5.0,4.0,3826.0,False,False,False,"{'homeInfo': {'zpid': 55701533, 'zipcode': '75082', 'city': 'Richardson', 'state': 'TX', 'latitude': 33.003174, 'longitude': -96.638565, 'price': 3600.0, 'bathrooms': 4.0, 'bedrooms': 5.0, 'livingArea': 3826.0, 'homeType': 'SINGLE_FAMILY', 'homeStatus': 'FOR_RENT', 'daysOnZillow': -1, 'isFeatured': False, 'shouldHighlight': False, 'isRentalWithBasePrice': False, 'zestimate': 675000, 'rentZestimate': 3996, 'listing_sub_type': {}, 'isUnmappable': False, 'isPreforeclosureAuction': False, 'homeStatusForHDP': 'FOR_RENT', 'priceForHDP': 3600.0, 'isNonOwnerOccupied': True, 'isPremierBuilder': False, 'isZillowOwned': False, 'currency': 'USD', 'country': 'USA', 'taxAssessedValue': 409993.0}}",ForRent,For Rent,False,False,,,
31,,,"$2,500/mo","{'latitude': 32.980473, 'longitude': -96.76317}",,,,https://photos.zillowstatic.com/fp/d7c119dc81487957c058eb562aa5a651-p_e.jpg,True,,False,,,,--,"{'type': 'TIME_ON_INFO', 'text': '2 days ago', 'data': {'isFresh': False}}",,FOR_RENT,Townhouse for rent,,False,/homedetails/1206-Emerald-Glen-Trl-Richardson-TX-75080/80242407_zpid/,False,False,,80242407,$2.5K,2.0,2.5,1650.0,False,False,False,"{'homeInfo': {'zpid': 80242407, 'zipcode': '75080', 'city': 'Richardson', 'state': 'TX', 'latitude': 32.980473, 'longitude': -96.76317, 'price': 2500.0, 'datePriceChanged': 1663052400000, 'bathrooms': 2.5, 'bedrooms': 2.0, 'livingArea': 1650.0, 'homeType': 'TOWNHOUSE', 'homeStatus': 'FOR_RENT', 'daysOnZillow': -1, 'isFeatured': False, 'shouldHighlight': False, 'isRentalWithBasePrice': False, 'zestimate': 371800, 'rentZestimate': 2300, 'listing_sub_type': {}, 'isUnmappable': False, 'isPreforeclosureAuction': False, 'homeStatusForHDP': 'FOR_RENT', 'priceForHDP': 2500.0, 'priceChange': 200, 'isNonOwnerOccupied': True, 'isPremierBuilder': False, 'isZillowOwned': False, 'currency': 'USD', 'country': 'USA', 'taxAssessedValue': 285520.0, 'lotAreaValue': 1930.0, 'lotAreaUnit': 'sqft'}}",ForRent,For Rent,False,False,2022-10-15 00:00:00,,
32,,,"$7,995/mo","{'latitude': 32.986748, 'longitude': -96.681526}",,,,https://photos.zillowstatic.com/fp/715c32ee9a5802ff80b110b1793f76ba-p_e.jpg,True,,False,,,,--,"{'type': 'TIME_ON_INFO', 'text': '6 days ago', 'data': {'isFresh': False}}",,FOR_RENT,House for rent,,False,/homedetails/2205-Red-Oak-Ln-Richardson-TX-75082/26599872_zpid/,False,False,,26599872,$8.0K,4.0,2.0,2072.0,False,False,False,"{'homeInfo': {'zpid': 26599872, 'zipcode': '75082', 'city': 'Richardson', 'state': 'TX', 'latitude': 32.986748, 'longitude': -96.681526, 'price': 7995.0, 'bathrooms': 2.0, 'bedrooms': 4.0, 'livingArea': 2072.0, 'homeType': 'SINGLE_FAMILY', 'homeStatus': 'FOR_RENT', 'daysOnZillow': -1, 'isFeatured': False, 'shouldHighlight': False, 'isRentalWithBasePrice': False, 'zestimate': 475500, 'rentZestimate': 2350, 'listing_sub_type': {}, 'isUnmappable': False, 'isPreforeclosureAuction': False, 'homeStatusForHDP': 'FOR_RENT', 'priceForHDP': 7995.0, 'isNonOwnerOccupied': True, 'isPremierBuilder': False, 'isZillowOwned': False, 'currency': 'USD', 'country': 'USA', 'taxAssessedValue': 319624.0, 'lotAreaValue': 9583.0, 'lotAreaUnit': 'sqft'}}",ForRent,For Rent,False,False,2022-09-09 00:00:00,,
33,,,"$3,300/mo","{'latitude': 32.98679, 'longitude': -96.61692}",,,,https://photos.zillowstatic.com/fp/661e5ce44ef6cc1f5755dca5543cab07-p_e.jpg,True,,False,,,,--,"{'type': 'TIME_ON_INFO', 'text': '14 days ago', 'data': {'isFresh': False}}",,FOR_RENT,House for rent,,False,/homedetails/5704-Sweetbriar-Dr-Richardson-TX-75082/53121620_zpid/,False,False,,53121620,$3.3K,3.0,2.0,2272.0,False,False,False,"{'homeInfo': {'zpid': 53121620, 'zipcode': '75082', 'city': 'Richardson', 'state': 'TX', 'latitude': 32.98679, 'longitude': -96.61692, 'price': 3300.0, 'bathrooms': 2.0, 'bedrooms': 3.0, 'livingArea': 2272.0, 'homeType': 'SINGLE_FAMILY', 'homeStatus': 'FOR_RENT', 'daysOnZillow': -1, 'isFeatured': False, 'shouldHighlight': False, 'isRentalWithBasePrice': False, 'zestimate': 496700, 'rentZestimate': 2635, 'listing_sub_type': {}, 'isUnmappable': False, 'isPreforeclosureAuction': False, 'homeStatusForHDP': 'FOR_RENT', 'priceForHDP': 3300.0, 'isNonOwnerOccupied': True, 'isPremierBuilder': False, 'isZillowOwned': False, 'currency': 'USD', 'country': 'USA', 'taxAssessedValue': 310496.0, 'lotAreaValue': 8712.0, 'lotAreaUnit': 'sqft'}}",ForRent,For Rent,False,False,2022-10-01 00:00:00,,
34,,,"$2,500/mo","{'latitude': 32.988853, 'longitude': -96.7253}",,,,"https://maps.googleapis.com/maps/api/staticmap?mobile=false&sensor=true&maptype=satellite&size=575x242&zoom=17&center=32.988853454589844,-96.72530364990234&key=AIzaSyBJsNQO5ZeG-XAbqqWLKwG08fWITSxg33w&signature=itcBPvLv2w7jrpcawAdusIGE6ec=",,,False,,,,--,"{'type': 'TIME_ON_INFO', 'text': '3 days ago', 'data': {'isFresh': False}}",,FOR_RENT,House for rent,,False,/homedetails/2609-Forest-Grove-Dr-Richardson-TX-75080/249768502_zpid/,False,False,,249768502,$2.5K,2.0,2.0,1906.0,False,False,False,"{'homeInfo': {'zpid': 249768502, 'zipcode': '75080', 'city': 'Richardson', 'state': 'TX', 'latitude': 32.988853, 'longitude': -96.7253, 'price': 2500.0, 'bathrooms': 2.0, 'bedrooms': 2.0, 'livingArea': 1906.0, 'homeType': 'SINGLE_FAMILY', 'homeStatus': 'FOR_RENT', 'daysOnZillow': -1, 'isFeatured': False, 'shouldHighlight': False, 'isRentalWithBasePrice': False, 'zestimate': 355500, 'rentZestimate': 1922, 'listing_sub_type': {}, 'isUnmappable': False, 'isPreforeclosureAuction': False, 'homeStatusForHDP': 'FOR_RENT', 'priceForHDP': 2500.0, 'isNonOwnerOccupied': True, 'isPremierBuilder': False, 'isZillowOwned': False, 'currency': 'USD', 'country': 'USA', 'taxAssessedValue': 194000.0}}",ForRent,For Rent,False,False,2022-10-01 00:00:00,"https://maps.googleapis.com/maps/api/streetview/metadata?location=32.988853454589844,-96.72530364990234&key=AIzaSyBJsNQO5ZeG-XAbqqWLKwG08fWITSxg33w&signature=bbDjtNY5WURwx7yluhIunUi-CwU=","https://maps.googleapis.com/maps/api/streetview?size=575x242&location=32.988853454589844,-96.72530364990234&key=AIzaSyBJsNQO5ZeG-XAbqqWLKwG08fWITSxg33w&signature=HLU_FoK65dnSWbtFquKSYN9eNUk="
35,,,"$1,200/mo","{'latitude': 32.941128, 'longitude': -96.75137}",,,,https://photos.zillowstatic.com/fp/527737829414a1a3ea33903b375b836d-p_e.jpg,True,,False,,,,--,"{'type': 'TIME_ON_INFO', 'text': '9 days ago', 'data': {'isFresh': False}}",,FOR_RENT,Apartment for rent,,False,/homedetails/919-S-Weatherred-Dr-APT-220-Richardson-TX-75080/2079594159_zpid/,False,False,,2079594159,$1.2K,2.0,2.0,987.0,False,False,False,"{'homeInfo': {'zpid': 2079594159, 'zipcode': '75080', 'city': 'Richardson', 'state': 'TX', 'latitude': 32.941128, 'longitude': -96.75137, 'price': 1200.0, 'bathrooms': 2.0, 'bedrooms': 2.0, 'livingArea': 987.0, 'homeType': 'APARTMENT', 'homeStatus': 'FOR_RENT', 'daysOnZillow': -1, 'isFeatured': False, 'shouldHighlight': False, 'isRentalWithBasePrice': False, 'rentZestimate': 1495, 'listing_sub_type': {}, 'isUnmappable': False, 'isPreforeclosureAuction': False, 'homeStatusForHDP': 'FOR_RENT', 'priceForHDP': 1200.0, 'isNonOwnerOccupied': True, 'isPremierBuilder': False, 'isZillowOwned': False, 'currency': 'USD', 'country': 'USA', 'unit': 'Apt 220'}}",ForRent,For Rent,False,False,,,
36,,,"$2,200/mo","{'latitude': 32.94357, 'longitude': -96.715}",,,,https://photos.zillowstatic.com/fp/01cdc85a7ebe54a2ddf128b116bae699-p_e.jpg,True,,False,,,,--,"{'type': 'TIME_ON_INFO', 'text': '7 days ago', 'data': {'isFresh': False}}",,FOR_RENT,Townhouse for rent,,False,/homedetails/351-Towne-House-Ln-Richardson-TX-75081/27179656_zpid/,False,False,,27179656,$2.2K,3.0,2.0,1623.0,False,False,False,"{'homeInfo': {'zpid': 27179656, 'zipcode': '75081', 'city': 'Richardson', 'state': 'TX', 'latitude': 32.94357, 'longitude': -96.715, 'price': 2200.0, 'bathrooms': 2.0, 'bedrooms': 3.0, 'livingArea': 1623.0, 'homeType': 'TOWNHOUSE', 'homeStatus': 'FOR_RENT', 'daysOnZillow': -1, 'isFeatured': False, 'shouldHighlight': False, 'isRentalWithBasePrice': False, 'zestimate': 267700, 'rentZestimate': 2228, 'listing_sub_type': {}, 'isUnmappable': False, 'isPreforeclosureAuction': False, 'homeStatusForHDP': 'FOR_RENT', 'priceForHDP': 2200.0, 'isNonOwnerOccupied': True, 'isPremierBuilder': False, 'isZillowOwned': False, 'currency': 'USD', 'country': 'USA', 'taxAssessedValue': 162300.0, 'lotAreaValue': 3910.0, 'lotAreaUnit': 'sqft'}}",ForRent,For Rent,False,False,,,
37,,,"$2,700/mo","{'latitude': 32.94678, 'longitude': -96.75179}",,,,https://photos.zillowstatic.com/fp/751609da0cb0a463981786caf2167e89-p_e.jpg,True,,False,,,,--,"{'type': 'TIME_ON_INFO', 'text': '8 days ago', 'data': {'isFresh': False}}",,FOR_RENT,House for rent,,False,/homedetails/812-Nottingham-Dr-Richardson-TX-75080/27170532_zpid/,False,False,,27170532,$2.7K,3.0,2.0,1860.0,False,False,False,"{'homeInfo': {'zpid': 27170532, 'zipcode': '75080', 'city': 'Richardson', 'state': 'TX', 'latitude': 32.94678, 'longitude': -96.75179, 'price': 2700.0, 'bathrooms': 2.0, 'bedrooms': 3.0, 'livingArea': 1860.0, 'homeType': 'SINGLE_FAMILY', 'homeStatus': 'FOR_RENT', 'daysOnZillow': -1, 'isFeatured': False, 'shouldHighlight': False, 'isRentalWithBasePrice': False, 'zestimate': 437500, 'rentZestimate': 2606, 'listing_sub_type': {}, 'isUnmappable': False, 'isPreforeclosureAuction': False, 'homeStatusForHDP': 'FOR_RENT', 'priceForHDP': 2700.0, 'isNonOwnerOccupied': True, 'isPremierBuilder': False, 'isZillowOwned': False, 'currency': 'USD', 'country': 'USA', 'taxAssessedValue': 270300.0, 'lotAreaValue': 10800.0, 'lotAreaUnit': 'sqft'}}",ForRent,For Rent,False,False,2022-11-01 00:00:00,,
38,,,"$3,200/mo","{'latitude': 32.985184, 'longitude': -96.644684}",,,,https://photos.zillowstatic.com/fp/66d285417153de811faf27e3322ac690-p_e.jpg,True,,False,,,,--,"{'type': 'TIME_ON_INFO', 'text': '35 days ago', 'data': {'isFresh': False}}",,FOR_RENT,House for rent,,False,/homedetails/4112-Tabernash-Richardson-TX-75082/26664494_zpid/,False,False,,26664494,$3.2K,5.0,3.5,3639.0,False,False,False,"{'homeInfo': {'zpid': 26664494, 'zipcode': '75082', 'city': 'Richardson', 'state': 'TX', 'latitude': 32.985184, 'longitude': -96.644684, 'price': 3200.0, 'datePriceChanged': 1663225200000, 'bathrooms': 3.5, 'bedrooms': 5.0, 'livingArea': 3639.0, 'homeType': 'SINGLE_FAMILY', 'homeStatus': 'FOR_RENT', 'daysOnZillow': -1, 'isFeatured': False, 'shouldHighlight': False, 'isRentalWithBasePrice': False, 'zestimate': 637800, 'rentZestimate': 3770, 'listing_sub_type': {}, 'priceReduction': '$200 (Sep 15)', 'isUnmappable': False, 'isPreforeclosureAuction': False, 'homeStatusForHDP': 'FOR_RENT', 'priceForHDP': 3200.0, 'priceChange': -200, 'isNonOwnerOccupied': True, 'isPremierBuilder': False, 'isZillowOwned': False, 'currency': 'USD', 'country': 'USA', 'taxAssessedValue': 432588.0, 'lotAreaValue': 9661.0, 'lotAreaUnit': 'sqft'}}",ForRent,For Rent,False,False,,,
39,,,"$2,500/mo","{'latitude': 32.96796, 'longitude': -96.74461}",,,,https://photos.zillowstatic.com/fp/8e211c560d637c01b64f8538c843535a-p_e.jpg,True,,False,,,,--,"{'type': 'TIME_ON_INFO', 'text': '8 days ago', 'data': {'isFresh': False}}",,FOR_RENT,House for rent,,False,/homedetails/713-Terryland-Dr-Richardson-TX-75080/27172778_zpid/,False,False,,27172778,$2.5K,4.0,2.0,1603.0,False,False,False,"{'homeInfo': {'zpid': 27172778, 'zipcode': '75080', 'city': 'Richardson', 'state': 'TX', 'latitude': 32.96796, 'longitude': -96.74461, 'price': 2500.0, 'bathrooms': 2.0, 'bedrooms': 4.0, 'livingArea': 1603.0, 'homeType': 'SINGLE_FAMILY', 'homeStatus': 'FOR_RENT', 'daysOnZillow': -1, 'isFeatured': False, 'shouldHighlight': False, 'isRentalWithBasePrice': False, 'zestimate': 401800, 'rentZestimate': 2454, 'listing_sub_type': {}, 'isUnmappable': False, 'isPreforeclosureAuction': False, 'homeStatusForHDP': 'FOR_RENT', 'priceForHDP': 2500.0, 'isNonOwnerOccupied': True, 'isPremierBuilder': False, 'isZillowOwned': False, 'currency': 'USD', 'country': 'USA', 'taxAssessedValue': 289350.0, 'lotAreaValue': 8015.0, 'lotAreaUnit': 'sqft'}}",ForRent,For Rent,False,False,2022-10-01 00:00:00,,
40,,,"$2,300/mo","{'latitude': 32.93788, 'longitude': -96.71645}",,,,https://photos.zillowstatic.com/fp/039706944f28eb34abd048d321e0dc79-p_e.jpg,True,,False,,,,--,"{'type': 'TIME_ON_INFO', 'text': '4 days ago', 'data': {'isFresh': False}}",,FOR_RENT,House for rent,,False,/homedetails/615-Woodway-Ln-Richardson-TX-75081/27176112_zpid/,False,False,,27176112,$2.3K,3.0,2.0,1618.0,False,False,False,"{'homeInfo': {'zpid': 27176112, 'zipcode': '75081', 'city': 'Richardson', 'state': 'TX', 'latitude': 32.93788, 'longitude': -96.71645, 'price': 2300.0, 'bathrooms': 2.0, 'bedrooms': 3.0, 'livingArea': 1618.0, 'homeType': 'SINGLE_FAMILY', 'homeStatus': 'FOR_RENT', 'daysOnZillow': -1, 'isFeatured': False, 'shouldHighlight': False, 'isRentalWithBasePrice': False, 'zestimate': 353100, 'rentZestimate': 2178, 'listing_sub_type': {}, 'isUnmappable': False, 'isPreforeclosureAuction': False, 'homeStatusForHDP': 'FOR_RENT', 'priceForHDP': 2300.0, 'isNonOwnerOccupied': True, 'isPremierBuilder': False, 'isZillowOwned': False, 'currency': 'USD', 'country': 'USA', 'taxAssessedValue': 225000.0, 'lotAreaValue': 5445.0, 'lotAreaUnit': 'sqft'}}",ForRent,For Rent,False,False,2022-08-25 00:00:00,,
41,,,"$2,500/mo","{'latitude': 32.942963, 'longitude': -96.68557}",,,,https://photos.zillowstatic.com/fp/b7adccf8d15032de0e49c45d6c7bf93c-p_e.jpg,True,,False,,,,--,"{'type': 'TIME_ON_INFO', 'text': '17 days ago', 'data': {'isFresh': False}}",,FOR_RENT,Townhouse for rent,,False,/homedetails/2112-Trellis-Pl-Richardson-TX-75081/2061751964_zpid/,False,False,,2061751964,$2.5K,3.0,2.0,2000.0,False,False,False,"{'homeInfo': {'zpid': 2061751964, 'zipcode': '75081', 'city': 'Richardson', 'state': 'TX', 'latitude': 32.942963, 'longitude': -96.68557, 'price': 2500.0, 'bathrooms': 2.0, 'bedrooms': 3.0, 'livingArea': 2000.0, 'homeType': 'TOWNHOUSE', 'homeStatus': 'FOR_RENT', 'daysOnZillow': -1, 'isFeatured': False, 'shouldHighlight': False, 'isRentalWithBasePrice': False, 'listing_sub_type': {}, 'isUnmappable': False, 'isPreforeclosureAuction': False, 'homeStatusForHDP': 'FOR_RENT', 'priceForHDP': 2500.0, 'isNonOwnerOccupied': True, 'isPremierBuilder': False, 'isZillowOwned': False, 'currency': 'USD', 'country': 'USA'}}",ForRent,For Rent,False,False,2022-08-16 00:00:00,,
42,,,"$2,500/mo","{'latitude': 32.94698, 'longitude': -96.75044}",,,,https://photos.zillowstatic.com/fp/b03d9d37a066ba50720ffadc9b0ae5dc-p_e.jpg,True,,False,,,,--,"{'type': 'TIME_ON_INFO', 'text': '10 days ago', 'data': {'isFresh': False}}",,FOR_RENT,House for rent,,False,/homedetails/803-Dumont-Dr-Richardson-TX-75080/27170520_zpid/,False,False,,27170520,$2.5K,3.0,2.0,1599.0,False,False,False,"{'homeInfo': {'zpid': 27170520, 'zipcode': '75080', 'city': 'Richardson', 'state': 'TX', 'latitude': 32.94698, 'longitude': -96.75044, 'price': 2500.0, 'bathrooms': 2.0, 'bedrooms': 3.0, 'livingArea': 1599.0, 'homeType': 'SINGLE_FAMILY', 'homeStatus': 'FOR_RENT', 'daysOnZillow': -1, 'isFeatured': False, 'shouldHighlight': False, 'isRentalWithBasePrice': False, 'zestimate': 404700, 'rentZestimate': 2496, 'listing_sub_type': {}, 'isUnmappable': False, 'isPreforeclosureAuction': False, 'homeStatusForHDP': 'FOR_RENT', 'priceForHDP': 2500.0, 'isNonOwnerOccupied': True, 'isPremierBuilder': False, 'isZillowOwned': False, 'currency': 'USD', 'country': 'USA', 'taxAssessedValue': 270000.0, 'lotAreaValue': 10105.0, 'lotAreaUnit': 'sqft'}}",ForRent,For Rent,False,False,2022-10-01 00:00:00,,
43,,,"$2,200/mo","{'latitude': 33.00113, 'longitude': -96.70031}",,,,https://photos.zillowstatic.com/fp/36862fb462b2af3b1ac510fd0911e449-p_e.jpg,True,,False,,,,--,"{'type': 'TIME_ON_INFO', 'text': '29 days ago', 'data': {'isFresh': False}}",,FOR_RENT,Apartment for rent,,False,/homedetails/1250-State-St-APT-2412-Richardson-TX-75082/2061873495_zpid/,False,False,,2061873495,$2.2K,2.0,2.0,1251.0,False,False,False,"{'homeInfo': {'zpid': 2061873495, 'zipcode': '75082', 'city': 'Richardson', 'state': 'TX', 'latitude': 33.00113, 'longitude': -96.70031, 'price': 2200.0, 'bathrooms': 2.0, 'bedrooms': 2.0, 'livingArea': 1251.0, 'homeType': 'APARTMENT', 'homeStatus': 'FOR_RENT', 'daysOnZillow': -1, 'isFeatured': False, 'shouldHighlight': False, 'isRentalWithBasePrice': False, 'listing_sub_type': {}, 'isUnmappable': False, 'isPreforeclosureAuction': False, 'homeStatusForHDP': 'FOR_RENT', 'priceForHDP': 2200.0, 'isNonOwnerOccupied': True, 'isPremierBuilder': False, 'isZillowOwned': False, 'currency': 'USD', 'country': 'USA', 'unit': 'Apt 2412'}}",ForRent,For Rent,False,False,2022-08-31 00:00:00,,
44,,,"$3,400/mo","{'latitude': 32.97048, 'longitude': -96.74533}",,,,https://photos.zillowstatic.com/fp/e6f44726e369a54dd0ef13c3cb489759-p_e.jpg,True,,False,,,,--,"{'type': 'TIME_ON_INFO', 'text': '30 days ago', 'data': {'isFresh': False}}",,FOR_RENT,House for rent,,False,/homedetails/723-Melrose-Dr-Richardson-TX-75080/27172869_zpid/,False,False,,27172869,$3.4K,5.0,2.0,1956.0,False,False,False,"{'homeInfo': {'zpid': 27172869, 'zipcode': '75080', 'city': 'Richardson', 'state': 'TX', 'latitude': 32.97048, 'longitude': -96.74533, 'price': 3400.0, 'datePriceChanged': 1663225200000, 'bathrooms': 2.0, 'bedrooms': 5.0, 'livingArea': 1956.0, 'homeType': 'SINGLE_FAMILY', 'homeStatus': 'FOR_RENT', 'daysOnZillow': -1, 'isFeatured': False, 'shouldHighlight': False, 'isRentalWithBasePrice': False, 'zestimate': 408100, 'rentZestimate': 2600, 'listing_sub_type': {}, 'priceReduction': '$200 (Sep 15)', 'isUnmappable': False, 'isPreforeclosureAuction': False, 'homeStatusForHDP': 'FOR_RENT', 'priceForHDP': 3400.0, 'priceChange': -200, 'isNonOwnerOccupied': True, 'isPremierBuilder': False, 'isZillowOwned': False, 'currency': 'USD', 'country': 'USA', 'taxAssessedValue': 231420.0, 'lotAreaValue': 7680.0, 'lotAreaUnit': 'sqft'}}",ForRent,For Rent,False,False,2022-09-05 00:00:00,,
45,,,"$2,995/mo","{'latitude': 32.9881, 'longitude': -96.64564}",,,,https://photos.zillowstatic.com/fp/e75876a363cd33fdeaab56dc6ee5efab-p_e.jpg,True,,False,,,,--,"{'type': 'TIME_ON_INFO', 'text': '13 days ago', 'data': {'isFresh': False}}",,FOR_RENT,House for rent,,False,/homedetails/4029-Greenfield-Dr-Richardson-TX-75082/53113143_zpid/,False,False,,53113143,$3.0K,5.0,3.0,3144.0,False,False,False,"{'homeInfo': {'zpid': 53113143, 'zipcode': '75082', 'city': 'Richardson', 'state': 'TX', 'latitude': 32.9881, 'longitude': -96.64564, 'price': 2995.0, 'bathrooms': 3.0, 'bedrooms': 5.0, 'livingArea': 3144.0, 'homeType': 'SINGLE_FAMILY', 'homeStatus': 'FOR_RENT', 'daysOnZillow': -1, 'isFeatured': False, 'shouldHighlight': False, 'isRentalWithBasePrice': False, 'zestimate': 552100, 'rentZestimate': 3399, 'listing_sub_type': {}, 'isUnmappable': False, 'isPreforeclosureAuction': False, 'homeStatusForHDP': 'FOR_RENT', 'priceForHDP': 2995.0, 'isNonOwnerOccupied': True, 'isPremierBuilder': False, 'isZillowOwned': False, 'currency': 'USD', 'country': 'USA', 'taxAssessedValue': 374653.0}}",ForRent,For Rent,False,False,2022-09-02 00:00:00,,
46,,,"$1,795/mo","{'latitude': 32.955956, 'longitude': -96.72605}",,,,"https://maps.googleapis.com/maps/api/staticmap?mobile=false&sensor=true&maptype=satellite&size=575x242&zoom=17&center=32.955955505371094,-96.7260513305664&key=AIzaSyBJsNQO5ZeG-XAbqqWLKwG08fWITSxg33w&signature=d6gjPUUdP3x_YC4QF7nsRaNInsQ=",,,False,,,,--,"{'type': 'TIME_ON_INFO', 'text': '11 days ago', 'data': {'isFresh': False}}",,FOR_RENT,House for rent,,False,/homedetails/309-Edgehill-Blvd-Richardson-TX-75081/27166410_zpid/,False,False,,27166410,$1.8K,2.0,1.0,960.0,False,False,False,"{'homeInfo': {'zpid': 27166410, 'zipcode': '75081', 'city': 'Richardson', 'state': 'TX', 'latitude': 32.955956, 'longitude': -96.72605, 'price': 1795.0, 'bathrooms': 1.0, 'bedrooms': 2.0, 'livingArea': 960.0, 'homeType': 'SINGLE_FAMILY', 'homeStatus': 'FOR_RENT', 'daysOnZillow': -1, 'isFeatured': False, 'shouldHighlight': False, 'isRentalWithBasePrice': False, 'zestimate': 260100, 'rentZestimate': 1662, 'listing_sub_type': {}, 'isUnmappable': False, 'isPreforeclosureAuction': False, 'homeStatusForHDP': 'FOR_RENT', 'priceForHDP': 1795.0, 'isNonOwnerOccupied': True, 'isPremierBuilder': False, 'isZillowOwned': False, 'currency': 'USD', 'country': 'USA', 'taxAssessedValue': 117850.0, 'lotAreaValue': 0.3133608815426997, 'lotAreaUnit': 'acres'}}",ForRent,For Rent,False,False,2022-09-04 00:00:00,"https://maps.googleapis.com/maps/api/streetview/metadata?location=32.955955505371094,-96.7260513305664&key=AIzaSyBJsNQO5ZeG-XAbqqWLKwG08fWITSxg33w&signature=efmgiTlw1NWOaLaj1mbSyiub2d0=","https://maps.googleapis.com/maps/api/streetview?size=575x242&location=32.955955505371094,-96.7260513305664&key=AIzaSyBJsNQO5ZeG-XAbqqWLKwG08fWITSxg33w&signature=L3J1F_Kb3l3x2PUzx6IVZjSeRsU="
47,,,"$1,600/mo","{'latitude': 32.943066, 'longitude': -96.68317}",,,,https://photos.zillowstatic.com/fp/7044dd4d3cf78c1dd6f0d037b32138dd-p_e.jpg,True,,False,,,,--,"{'type': 'TIME_ON_INFO', 'text': '26 days ago', 'data': {'isFresh': False}}",,FOR_RENT,Apartment for rent,,False,/homedetails/2301-Trellis-Pl-Richardson-TX-75081/2093230200_zpid/,False,False,,2093230200,$1.6K,2.0,2.0,1156.0,False,False,False,"{'homeInfo': {'zpid': 2093230200, 'zipcode': '75081', 'city': 'Richardson', 'state': 'TX', 'latitude': 32.943066, 'longitude': -96.68317, 'price': 1600.0, 'datePriceChanged': 1662447600000, 'bathrooms': 2.0, 'bedrooms': 2.0, 'livingArea': 1156.0, 'homeType': 'APARTMENT', 'homeStatus': 'FOR_RENT', 'daysOnZillow': -1, 'isFeatured': False, 'shouldHighlight': False, 'isRentalWithBasePrice': False, 'rentZestimate': 1594, 'listing_sub_type': {}, 'priceReduction': '$50 (Sep 6)', 'isUnmappable': False, 'isPreforeclosureAuction': False, 'homeStatusForHDP': 'FOR_RENT', 'priceForHDP': 1600.0, 'priceChange': -50, 'isNonOwnerOccupied': True, 'isPremierBuilder': False, 'isZillowOwned': False, 'currency': 'USD', 'country': 'USA'}}",ForRent,For Rent,False,False,2022-08-22 00:00:00,,
48,,,"$4,500/mo","{'latitude': 32.98122, 'longitude': -96.735306}",,,,https://photos.zillowstatic.com/fp/16eab46d3f73a56eb084ec8b2949d49b-p_e.jpg,True,,False,,,,--,"{'type': 'TIME_ON_INFO', 'text': '28 days ago', 'data': {'isFresh': False}}",,FOR_RENT,House for rent,,False,/homedetails/519-Lawnmeadow-Dr-Richardson-TX-75080/27161009_zpid/,False,False,,27161009,$4.5K,4.0,2.0,1797.0,False,False,False,"{'homeInfo': {'zpid': 27161009, 'zipcode': '75080', 'city': 'Richardson', 'state': 'TX', 'latitude': 32.98122, 'longitude': -96.735306, 'price': 4500.0, 'bathrooms': 2.0, 'bedrooms': 4.0, 'livingArea': 1797.0, 'homeType': 'SINGLE_FAMILY', 'homeStatus': 'FOR_RENT', 'daysOnZillow': -1, 'isFeatured': False, 'shouldHighlight': False, 'isRentalWithBasePrice': False, 'zestimate': 521700, 'rentZestimate': 2499, 'listing_sub_type': {}, 'isUnmappable': False, 'isPreforeclosureAuction': False, 'homeStatusForHDP': 'FOR_RENT', 'priceForHDP': 4500.0, 'isNonOwnerOccupied': True, 'isPremierBuilder': False, 'isZillowOwned': False, 'currency': 'USD', 'country': 'USA', 'taxAssessedValue': 345310.0, 'lotAreaValue': 8058.0, 'lotAreaUnit': 'sqft'}}",ForRent,For Rent,False,False,2023-01-01 00:00:00,,
49,,,"$1,450/mo","{'latitude': 32.946564, 'longitude': -96.72927}",,,,https://photos.zillowstatic.com/fp/eac1ebc71ff6174f8a35d41acd89cd58-p_e.jpg,True,,False,,,,--,"{'type': 'TIME_ON_INFO', 'text': '6 days ago', 'data': {'isFresh': False}}",,FOR_RENT,Apartment for rent,,False,/homedetails/325-E-Phillips-St-APT-23-Richardson-TX-75081/2061619433_zpid/,False,False,,2061619433,$1.4K,2.0,1.0,750.0,False,False,False,"{'homeInfo': {'zpid': 2061619433, 'zipcode': '75081', 'city': 'Richardson', 'state': 'TX', 'latitude': 32.946564, 'longitude': -96.72927, 'price': 1450.0, 'bathrooms': 1.0, 'bedrooms': 2.0, 'livingArea': 750.0, 'homeType': 'APARTMENT', 'homeStatus': 'FOR_RENT', 'daysOnZillow': -1, 'isFeatured': False, 'shouldHighlight': False, 'isRentalWithBasePrice': False, 'listing_sub_type': {}, 'isUnmappable': False, 'isPreforeclosureAuction': False, 'homeStatusForHDP': 'FOR_RENT', 'priceForHDP': 1450.0, 'isNonOwnerOccupied': True, 'isPremierBuilder': False, 'isZillowOwned': False, 'currency': 'USD', 'country': 'USA', 'unit': 'Apt 23'}}",ForRent,For Rent,False,False,,,
50,,,"$3,200/mo","{'latitude': 32.953987, 'longitude': -96.743225}",,,,https://photos.zillowstatic.com/fp/e8b52023b1b55d38c95c9a3c64bebd3a-p_e.jpg,True,,False,,,,--,"{'type': 'TIME_ON_INFO', 'text': '33 days ago', 'data': {'isFresh': False}}",,FOR_RENT,House for rent,,False,/homedetails/634-Ridgedale-Dr-Richardson-TX-75080/27169943_zpid/,False,False,,27169943,$3.2K,3.0,2.0,1238.0,False,False,False,"{'homeInfo': {'zpid': 27169943, 'zipcode': '75080', 'city': 'Richardson', 'state': 'TX', 'latitude': 32.953987, 'longitude': -96.743225, 'price': 3200.0, 'datePriceChanged': 1660374000000, 'bathrooms': 2.0, 'bedrooms': 3.0, 'livingArea': 1238.0, 'homeType': 'SINGLE_FAMILY', 'homeStatus': 'FOR_RENT', 'daysOnZillow': -1, 'isFeatured': False, 'shouldHighlight': False, 'isRentalWithBasePrice': False, 'zestimate': 363900, 'rentZestimate': 2227, 'listing_sub_type': {}, 'isUnmappable': False, 'isPreforeclosureAuction': False, 'homeStatusForHDP': 'FOR_RENT', 'priceForHDP': 3200.0, 'priceChange': 400, 'isNonOwnerOccupied': True, 'isPremierBuilder': False, 'isZillowOwned': False, 'currency': 'USD', 'country': 'USA', 'taxAssessedValue': 226880.0, 'lotAreaValue': 8320.0, 'lotAreaUnit': 'sqft'}}",ForRent,For Rent,False,False,2022-09-01 00:00:00,,
51,,,"$2,750/mo","{'latitude': 32.951694, 'longitude': -96.7405}",,,,https://photos.zillowstatic.com/fp/e9612ec24cab14d5d624475be6866aa8-p_e.jpg,True,,False,,,,--,"{'type': 'TIME_ON_INFO', 'text': '30 days ago', 'data': {'isFresh': False}}",,FOR_RENT,House for rent,,False,/homedetails/609-Lockwood-Dr-Richardson-TX-75080/27170041_zpid/,False,False,,27170041,$2.8K,3.0,2.0,1278.0,False,False,False,"{'homeInfo': {'zpid': 27170041, 'zipcode': '75080', 'city': 'Richardson', 'state': 'TX', 'latitude': 32.951694, 'longitude': -96.7405, 'price': 2750.0, 'bathrooms': 2.0, 'bedrooms': 3.0, 'livingArea': 1278.0, 'homeType': 'SINGLE_FAMILY', 'homeStatus': 'FOR_RENT', 'daysOnZillow': -1, 'isFeatured': False, 'shouldHighlight': False, 'isRentalWithBasePrice': False, 'zestimate': 396700, 'rentZestimate': 2320, 'listing_sub_type': {}, 'isUnmappable': False, 'isPreforeclosureAuction': False, 'homeStatusForHDP': 'FOR_RENT', 'priceForHDP': 2750.0, 'isNonOwnerOccupied': True, 'isPremierBuilder': False, 'isZillowOwned': False, 'currency': 'USD', 'country': 'USA', 'taxAssessedValue': 230440.0, 'lotAreaValue': 8319.0, 'lotAreaUnit': 'sqft'}}",ForRent,For Rent,False,False,2022-11-01 00:00:00,,
52,,,"$2,200/mo","{'latitude': 32.961514, 'longitude': -96.729805}",,,,https://photos.zillowstatic.com/fp/43f71af8271777bd978fd60ef8f5ee73-p_e.jpg,True,,False,,,,--,"{'type': 'TIME_ON_INFO', 'text': '20 days ago', 'data': {'isFresh': False}}",,FOR_RENT,House for rent,,False,/homedetails/405-Hanbee-St-Richardson-TX-75080/27166584_zpid/,False,False,,27166584,$2.2K,3.0,2.0,1252.0,False,False,False,"{'homeInfo': {'zpid': 27166584, 'zipcode': '75080', 'city': 'Richardson', 'state': 'TX', 'latitude': 32.961514, 'longitude': -96.729805, 'price': 2200.0, 'bathrooms': 2.0, 'bedrooms': 3.0, 'livingArea': 1252.0, 'homeType': 'SINGLE_FAMILY', 'homeStatus': 'FOR_RENT', 'daysOnZillow': -1, 'isFeatured': False, 'shouldHighlight': False, 'isRentalWithBasePrice': False, 'zestimate': 329000, 'rentZestimate': 2149, 'listing_sub_type': {}, 'isUnmappable': False, 'isPreforeclosureAuction': False, 'homeStatusForHDP': 'FOR_RENT', 'priceForHDP': 2200.0, 'isNonOwnerOccupied': True, 'isPremierBuilder': False, 'isZillowOwned': False, 'currency': 'USD', 'country': 'USA', 'taxAssessedValue': 226500.0, 'lotAreaValue': 8320.0, 'lotAreaUnit': 'sqft'}}",ForRent,For Rent,False,False,2022-09-01 00:00:00,,
53,,,"$3,000/mo","{'latitude': 32.94559, 'longitude': -96.76127}",,,,https://photos.zillowstatic.com/fp/519cebfb1cfa6e0c882e39619fef6847-p_e.jpg,True,,False,,,,--,"{'type': 'TIME_ON_INFO', 'text': '72 days ago', 'data': {'isFresh': False}}",,FOR_RENT,House for rent,,False,/homedetails/612-Decca-Dr-Richardson-TX-75080/27171412_zpid/,False,False,,27171412,$3.0K,3.0,2.0,1200.0,False,False,False,"{'homeInfo': {'zpid': 27171412, 'zipcode': '75080', 'city': 'Richardson', 'state': 'TX', 'latitude': 32.94559, 'longitude': -96.76127, 'price': 3000.0, 'bathrooms': 2.0, 'bedrooms': 3.0, 'livingArea': 1200.0, 'homeType': 'SINGLE_FAMILY', 'homeStatus': 'FOR_RENT', 'daysOnZillow': -1, 'isFeatured': False, 'shouldHighlight': False, 'isRentalWithBasePrice': False, 'zestimate': 309400, 'rentZestimate': 2270, 'listing_sub_type': {}, 'isUnmappable': False, 'isPreforeclosureAuction': False, 'homeStatusForHDP': 'FOR_RENT', 'priceForHDP': 3000.0, 'isNonOwnerOccupied': True, 'isPremierBuilder': False, 'isZillowOwned': False, 'currency': 'USD', 'country': 'USA', 'taxAssessedValue': 212680.0, 'lotAreaValue': 7875.0, 'lotAreaUnit': 'sqft'}}",ForRent,For Rent,False,False,2022-10-13 00:00:00,,
54,,,"$2,500/mo","{'latitude': 32.953495, 'longitude': -96.725044}",,,,https://photos.zillowstatic.com/fp/1a36d4f024cf5d967e1214ca9dc4a0f2-p_e.jpg,True,,False,,,,--,"{'type': 'TIME_ON_INFO', 'text': '49 days ago', 'data': {'isFresh': False}}",,FOR_RENT,House for rent,,False,/homedetails/424-Royal-Crest-Dr-Richardson-TX-75081/27174626_zpid/,False,False,,27174626,$2.5K,3.0,2.0,1750.0,False,False,False,"{'homeInfo': {'zpid': 27174626, 'zipcode': '75081', 'city': 'Richardson', 'state': 'TX', 'latitude': 32.953495, 'longitude': -96.725044, 'price': 2500.0, 'datePriceChanged': 1660892400000, 'bathrooms': 2.0, 'bedrooms': 3.0, 'livingArea': 1750.0, 'homeType': 'SINGLE_FAMILY', 'homeStatus': 'FOR_RENT', 'daysOnZillow': -1, 'isFeatured': False, 'shouldHighlight': False, 'isRentalWithBasePrice': False, 'zestimate': 334600, 'rentZestimate': 2243, 'listing_sub_type': {}, 'isUnmappable': False, 'isPreforeclosureAuction': False, 'homeStatusForHDP': 'FOR_RENT', 'priceForHDP': 2500.0, 'priceChange': 240, 'isNonOwnerOccupied': True, 'isPremierBuilder': False, 'isZillowOwned': False, 'currency': 'USD', 'country': 'USA', 'taxAssessedValue': 229060.0, 'lotAreaValue': 7752.0, 'lotAreaUnit': 'sqft'}}",ForRent,For Rent,False,False,2022-09-16 00:00:00,,
55,,,"$2,400/mo","{'latitude': 32.94302, 'longitude': -96.733116}",,,,https://photos.zillowstatic.com/fp/2f0810e326d3abd973801c3031f58b7b-p_e.jpg,True,,False,,,,--,"{'type': 'TIME_ON_INFO', 'text': '44 days ago', 'data': {'isFresh': False}}",,FOR_RENT,Townhouse for rent,,False,/homedetails/543-Matthew-Pl-Richardson-TX-75081/96504091_zpid/,False,False,,96504091,$2.4K,2.0,2.5,1522.0,False,False,False,"{'homeInfo': {'zpid': 96504091, 'zipcode': '75081', 'city': 'Richardson', 'state': 'TX', 'latitude': 32.94302, 'longitude': -96.733116, 'price': 2400.0, 'datePriceChanged': 1662966000000, 'bathrooms': 2.5, 'bedrooms': 2.0, 'livingArea': 1522.0, 'homeType': 'TOWNHOUSE', 'homeStatus': 'FOR_RENT', 'daysOnZillow': -1, 'isFeatured': False, 'shouldHighlight': False, 'isRentalWithBasePrice': False, 'zestimate': 355200, 'rentZestimate': 2192, 'listing_sub_type': {}, 'isUnmappable': False, 'isPreforeclosureAuction': False, 'homeStatusForHDP': 'FOR_RENT', 'priceForHDP': 2400.0, 'priceChange': 50, 'isNonOwnerOccupied': True, 'isPremierBuilder': False, 'isZillowOwned': False, 'currency': 'USD', 'country': 'USA', 'taxAssessedValue': 241060.0, 'lotAreaValue': 1742.0, 'lotAreaUnit': 'sqft'}}",ForRent,For Rent,False,False,2022-09-01 00:00:00,,
56,,,"$3,000/mo","{'latitude': 32.98928, 'longitude': -96.72689}",,,,https://photos.zillowstatic.com/fp/8e9df47339022c41f943bb55de9003aa-p_e.jpg,True,,False,,,,--,"{'type': 'TIME_ON_INFO', 'text': '80 days ago', 'data': {'isFresh': False}}",,FOR_RENT,Apartment for rent,,False,/homedetails/2639-Custer-Rd-121-Richardson-TX-75080/2062622109_zpid/,False,False,,2062622109,$3.0K,1.0,1.0,750.0,False,False,False,"{'homeInfo': {'zpid': 2062622109, 'zipcode': '75080', 'city': 'Richardson', 'state': 'TX', 'latitude': 32.98928, 'longitude': -96.72689, 'price': 3000.0, 'bathrooms': 1.0, 'bedrooms': 1.0, 'livingArea': 750.0, 'homeType': 'APARTMENT', 'homeStatus': 'FOR_RENT', 'daysOnZillow': -1, 'isFeatured': False, 'shouldHighlight': False, 'isRentalWithBasePrice': False, 'listing_sub_type': {}, 'isUnmappable': False, 'isPreforeclosureAuction': False, 'homeStatusForHDP': 'FOR_RENT', 'priceForHDP': 3000.0, 'isNonOwnerOccupied': True, 'isPremierBuilder': False, 'isZillowOwned': False, 'currency': 'USD', 'country': 'USA', 'unit': '# 121'}}",ForRent,For Rent,False,False,,,
57,,,"$3,000/mo","{'latitude': 32.934093, 'longitude': -96.71628}",,,,https://photos.zillowstatic.com/fp/5a49ecc962da12ede6342071fe2a7f6b-p_e.jpg,True,,False,,,,--,"{'type': 'TIME_ON_INFO', 'text': '5 days ago', 'data': {'isFresh': False}}",,FOR_RENT,House for rent,,False,/homedetails/620-Saint-George-Richardson-TX-75081/27175145_zpid/,False,False,,27175145,$3.0K,4.0,2.5,2425.0,False,False,False,"{'homeInfo': {'zpid': 27175145, 'zipcode': '75081', 'city': 'Richardson', 'state': 'TX', 'latitude': 32.934093, 'longitude': -96.71628, 'price': 3000.0, 'bathrooms': 2.5, 'bedrooms': 4.0, 'livingArea': 2425.0, 'homeType': 'SINGLE_FAMILY', 'homeStatus': 'FOR_RENT', 'daysOnZillow': -1, 'isFeatured': False, 'shouldHighlight': False, 'isRentalWithBasePrice': False, 'zestimate': 481600, 'rentZestimate': 2638, 'listing_sub_type': {}, 'isUnmappable': False, 'isPreforeclosureAuction': False, 'homeStatusForHDP': 'FOR_RENT', 'priceForHDP': 3000.0, 'isNonOwnerOccupied': True, 'isPremierBuilder': False, 'isZillowOwned': False, 'currency': 'USD', 'country': 'USA', 'taxAssessedValue': 318850.0, 'lotAreaValue': 7492.0, 'lotAreaUnit': 'sqft'}}",ForRent,For Rent,False,False,,,
58,,,"$4,250/mo","{'latitude': 32.98243, 'longitude': -96.7591}",,,,https://photos.zillowstatic.com/fp/d211fd11360b2f4f32d63945597f84e8-p_e.jpg,True,,False,,,,--,"{'type': 'TIME_ON_INFO', 'text': '7 days ago', 'data': {'isFresh': False}}",,FOR_RENT,House for rent,,False,/homedetails/1131-Alpine-Dr-Richardson-TX-75080/124438469_zpid/,False,False,,124438469,$4.2K,4.0,3.0,3464.0,False,False,False,"{'homeInfo': {'zpid': 124438469, 'zipcode': '75080', 'city': 'Richardson', 'state': 'TX', 'latitude': 32.98243, 'longitude': -96.7591, 'price': 4250.0, 'bathrooms': 3.0, 'bedrooms': 4.0, 'livingArea': 3464.0, 'homeType': 'SINGLE_FAMILY', 'homeStatus': 'FOR_RENT', 'daysOnZillow': -1, 'isFeatured': False, 'shouldHighlight': False, 'isRentalWithBasePrice': False, 'zestimate': 722000, 'rentZestimate': 4084, 'listing_sub_type': {}, 'isUnmappable': False, 'isPreforeclosureAuction': False, 'homeStatusForHDP': 'FOR_RENT', 'priceForHDP': 4250.0, 'isNonOwnerOccupied': True, 'isPremierBuilder': False, 'isZillowOwned': False, 'currency': 'USD', 'country': 'USA', 'taxAssessedValue': 502500.0, 'lotAreaValue': 4530.0, 'lotAreaUnit': 'sqft'}}",ForRent,For Rent,False,False,,,
59,,,"$1,400/mo","{'latitude': 32.945934, 'longitude': -96.76782}",,,,"https://maps.googleapis.com/maps/api/staticmap?mobile=false&sensor=true&maptype=satellite&size=575x242&zoom=17&center=32.9459342956543,-96.767822265625&key=AIzaSyBJsNQO5ZeG-XAbqqWLKwG08fWITSxg33w&signature=IWEbKrNPyTlzdnnm9Rw1Uyf_MME=",,,False,,,,--,"{'type': 'TIME_ON_INFO', 'text': '6 days ago', 'data': {'isFresh': False}}",,FOR_RENT,Condo for rent,,False,/homedetails/7937-Cliffbrook-Dr-APT-270-Dallas-TX-75254/2071960894_zpid/,False,False,,2071960894,$1.4K,2.0,2.0,969.0,False,False,False,"{'homeInfo': {'zpid': 2071960894, 'zipcode': '75254', 'city': 'Dallas', 'state': 'TX', 'latitude': 32.945934, 'longitude': -96.76782, 'price': 1400.0, 'bathrooms': 2.0, 'bedrooms': 2.0, 'livingArea': 969.0, 'homeType': 'CONDO', 'homeStatus': 'FOR_RENT', 'daysOnZillow': -1, 'isFeatured': False, 'shouldHighlight': False, 'isRentalWithBasePrice': False, 'zestimate': 152100, 'rentZestimate': 1498, 'listing_sub_type': {}, 'isUnmappable': False, 'isPreforeclosureAuction': False, 'homeStatusForHDP': 'FOR_RENT', 'priceForHDP': 1400.0, 'isNonOwnerOccupied': True, 'isPremierBuilder': False, 'isZillowOwned': False, 'currency': 'USD', 'country': 'USA', 'unit': 'Apt 270'}}",ForRent,For Rent,False,False,,"https://maps.googleapis.com/maps/api/streetview/metadata?location=32.9459342956543,-96.767822265625&key=AIzaSyBJsNQO5ZeG-XAbqqWLKwG08fWITSxg33w&signature=JJfhEGQNnXXb08IRUtBQpfnvxaU=","https://maps.googleapis.com/maps/api/streetview?size=575x242&location=32.9459342956543,-96.767822265625&key=AIzaSyBJsNQO5ZeG-XAbqqWLKwG08fWITSxg33w&signature=pl41e6L88GuTnUcSRdFFTRAet7w="
60,,,"$2,950/mo","{'latitude': 33.00167, 'longitude': -96.6171}",,,,https://photos.zillowstatic.com/fp/b058afbfb03f72b799fe61af5298994e-p_e.jpg,True,,False,,,,--,"{'type': 'TIME_ON_INFO', 'text': '9 days ago', 'data': {'isFresh': False}}",,FOR_RENT,House for rent,,False,/homedetails/3605-Carrington-Dr-Richardson-TX-75082/53092206_zpid/,False,False,,53092206,$3.0K,4.0,3.5,2596.0,False,False,False,"{'homeInfo': {'zpid': 53092206, 'zipcode': '75082', 'city': 'Richardson', 'state': 'TX', 'latitude': 33.00167, 'longitude': -96.6171, 'price': 2950.0, 'bathrooms': 3.5, 'bedrooms': 4.0, 'livingArea': 2596.0, 'homeType': 'SINGLE_FAMILY', 'homeStatus': 'FOR_RENT', 'daysOnZillow': -1, 'isFeatured': False, 'shouldHighlight': False, 'isRentalWithBasePrice': False, 'zestimate': 437300, 'rentZestimate': 2996, 'listing_sub_type': {}, 'isUnmappable': False, 'isPreforeclosureAuction': False, 'homeStatusForHDP': 'FOR_RENT', 'priceForHDP': 2950.0, 'isNonOwnerOccupied': True, 'isPremierBuilder': False, 'isZillowOwned': False, 'currency': 'USD', 'country': 'USA', 'taxAssessedValue': 313993.0, 'lotAreaValue': 9147.0, 'lotAreaUnit': 'sqft'}}",ForRent,For Rent,False,False,,,
61,,,"$2,900/mo","{'latitude': 32.966007, 'longitude': -96.68366}",,,,https://photos.zillowstatic.com/fp/d182e7daa1fde785f65ea6c68a6c1f04-p_e.jpg,True,,False,,,,--,"{'type': 'TIME_ON_INFO', 'text': '5 days ago', 'data': {'isFresh': False}}",,FOR_RENT,House for rent,,False,/homedetails/2112-Linda-Ln-Richardson-TX-75081/27159950_zpid/,False,False,,27159950,$2.9K,4.0,2.0,1830.0,False,False,False,"{'homeInfo': {'zpid': 27159950, 'zipcode': '75081', 'city': 'Richardson', 'state': 'TX', 'latitude': 32.966007, 'longitude': -96.68366, 'price': 2900.0, 'bathrooms': 2.0, 'bedrooms': 4.0, 'livingArea': 1830.0, 'homeType': 'SINGLE_FAMILY', 'homeStatus': 'FOR_RENT', 'daysOnZillow': -1, 'isFeatured': False, 'shouldHighlight': False, 'isRentalWithBasePrice': False, 'zestimate': 361800, 'rentZestimate': 2296, 'listing_sub_type': {}, 'isUnmappable': False, 'isPreforeclosureAuction': False, 'homeStatusForHDP': 'FOR_RENT', 'priceForHDP': 2900.0, 'isNonOwnerOccupied': True, 'isPremierBuilder': False, 'isZillowOwned': False, 'currency': 'USD', 'country': 'USA', 'taxAssessedValue': 234870.0, 'lotAreaValue': 8800.0, 'lotAreaUnit': 'sqft'}}",ForRent,For Rent,False,False,,,
62,,,"$3,200/mo","{'latitude': 32.991974, 'longitude': -96.725365}",,,,https://photos.zillowstatic.com/fp/5fad9d10ab19bd95bee2035efa7fd68a-p_e.jpg,True,,False,,,,--,"{'type': 'TIME_ON_INFO', 'text': '26 days ago', 'data': {'isFresh': False}}",,FOR_RENT,House for rent,,False,/homedetails/2645-Forest-Grove-Dr-Richardson-TX-75080/26589365_zpid/,False,False,,26589365,$3.2K,3.0,2.0,2290.0,False,False,False,"{'homeInfo': {'zpid': 26589365, 'zipcode': '75080', 'city': 'Richardson', 'state': 'TX', 'latitude': 32.991974, 'longitude': -96.725365, 'price': 3200.0, 'datePriceChanged': 1662620400000, 'bathrooms': 2.0, 'bedrooms': 3.0, 'livingArea': 2290.0, 'homeType': 'SINGLE_FAMILY', 'homeStatus': 'FOR_RENT', 'daysOnZillow': -1, 'isFeatured': False, 'shouldHighlight': False, 'isRentalWithBasePrice': False, 'zestimate': 737600, 'rentZestimate': 4166, 'listing_sub_type': {}, 'priceReduction': '$200 (Sep 8)', 'isUnmappable': False, 'isPreforeclosureAuction': False, 'homeStatusForHDP': 'FOR_RENT', 'priceForHDP': 3200.0, 'priceChange': -200, 'isNonOwnerOccupied': True, 'isPremierBuilder': False, 'isZillowOwned': False, 'currency': 'USD', 'country': 'USA', 'taxAssessedValue': 419756.0, 'lotAreaValue': 0.4099862258953168, 'lotAreaUnit': 'acres'}}",ForRent,For Rent,False,False,,,
63,,,"$2,250/mo","{'latitude': 32.97271, 'longitude': -96.73635}",,,,https://photos.zillowstatic.com/fp/8d065abbb47538ad665b2696e1e20e7a-p_e.jpg,True,,False,,,,--,"{'type': 'TIME_ON_INFO', 'text': '3 days ago', 'data': {'isFresh': False}}",,FOR_RENT,House for rent,,False,/homedetails/517-Cambridge-Dr-Richardson-TX-75080/27167244_zpid/,False,False,,27167244,$2.2K,3.0,2.0,1327.0,False,False,False,"{'homeInfo': {'zpid': 27167244, 'zipcode': '75080', 'city': 'Richardson', 'state': 'TX', 'latitude': 32.97271, 'longitude': -96.73635, 'price': 2250.0, 'bathrooms': 2.0, 'bedrooms': 3.0, 'livingArea': 1327.0, 'homeType': 'SINGLE_FAMILY', 'homeStatus': 'FOR_RENT', 'daysOnZillow': -1, 'isFeatured': False, 'shouldHighlight': False, 'isRentalWithBasePrice': False, 'rentZestimate': 2270, 'listing_sub_type': {}, 'isUnmappable': False, 'isPreforeclosureAuction': False, 'homeStatusForHDP': 'FOR_RENT', 'priceForHDP': 2250.0, 'isNonOwnerOccupied': True, 'isPremierBuilder': False, 'isZillowOwned': False, 'currency': 'USD', 'country': 'USA', 'taxAssessedValue': 215280.0, 'lotAreaValue': 10018.0, 'lotAreaUnit': 'sqft'}}",ForRent,For Rent,False,False,,,
64,,,"$2,850/mo","{'latitude': 32.98993, 'longitude': -96.725}",,,,https://photos.zillowstatic.com/fp/d330e9192906bdc5f89d19b7db54a099-p_e.jpg,True,,False,,,,--,"{'type': 'TIME_ON_INFO', 'text': '26 days ago', 'data': {'isFresh': False}}",,FOR_RENT,House for rent,,False,/homedetails/2647-Forest-Grove-Dr-Richardson-TX-75080/2061836166_zpid/,False,False,,2061836166,$2.8K,2.0,2.0,1800.0,False,False,False,"{'homeInfo': {'zpid': 2061836166, 'zipcode': '75080', 'city': 'Richardson', 'state': 'TX', 'latitude': 32.98993, 'longitude': -96.725, 'price': 2850.0, 'bathrooms': 2.0, 'bedrooms': 2.0, 'livingArea': 1800.0, 'homeType': 'SINGLE_FAMILY', 'homeStatus': 'FOR_RENT', 'daysOnZillow': -1, 'isFeatured': False, 'shouldHighlight': False, 'isRentalWithBasePrice': False, 'listing_sub_type': {}, 'isUnmappable': False, 'isPreforeclosureAuction': False, 'homeStatusForHDP': 'FOR_RENT', 'priceForHDP': 2850.0, 'isNonOwnerOccupied': True, 'isPremierBuilder': False, 'isZillowOwned': False, 'currency': 'USD', 'country': 'USA'}}",ForRent,For Rent,False,False,,,
65,,,"$2,500/mo","{'latitude': 32.965866, 'longitude': -96.689964}",,,,https://photos.zillowstatic.com/fp/f40328904ebddb3d4d505aeef5c1e1c5-p_e.jpg,True,,False,,,,--,"{'type': 'TIME_ON_INFO', 'text': '20 days ago', 'data': {'isFresh': False}}",,FOR_RENT,House for rent,,False,/homedetails/1817-Linda-Ln-Richardson-TX-75081/27159588_zpid/,False,False,,27159588,$2.5K,3.0,2.0,1669.0,False,False,False,"{'homeInfo': {'zpid': 27159588, 'zipcode': '75081', 'city': 'Richardson', 'state': 'TX', 'latitude': 32.965866, 'longitude': -96.689964, 'price': 2500.0, 'bathrooms': 2.0, 'bedrooms': 3.0, 'livingArea': 1669.0, 'homeType': 'SINGLE_FAMILY', 'homeStatus': 'FOR_RENT', 'daysOnZillow': -1, 'isFeatured': False, 'shouldHighlight': False, 'isRentalWithBasePrice': False, 'zestimate': 365400, 'rentZestimate': 2282, 'listing_sub_type': {}, 'isUnmappable': False, 'isPreforeclosureAuction': False, 'homeStatusForHDP': 'FOR_RENT', 'priceForHDP': 2500.0, 'isNonOwnerOccupied': True, 'isPremierBuilder': False, 'isZillowOwned': False, 'currency': 'USD', 'country': 'USA', 'taxAssessedValue': 228360.0, 'lotAreaValue': 9000.0, 'lotAreaUnit': 'sqft'}}",ForRent,For Rent,False,False,,,
66,,,"$2,995/mo","{'latitude': 32.988552, 'longitude': -96.614426}",,,,https://photos.zillowstatic.com/fp/84a9e7fcbf747e1dbbdd3084228766cf-p_e.jpg,True,,False,,,,--,"{'type': 'TIME_ON_INFO', 'text': '17 days ago', 'data': {'isFresh': False}}",,FOR_RENT,House for rent,,False,/homedetails/2900-Madison-Ct-Richardson-TX-75082/53091513_zpid/,False,False,,53091513,$3.0K,4.0,2.0,2345.0,False,False,False,"{'homeInfo': {'zpid': 53091513, 'zipcode': '75082', 'city': 'Richardson', 'state': 'TX', 'latitude': 32.988552, 'longitude': -96.614426, 'price': 2995.0, 'bathrooms': 2.0, 'bedrooms': 4.0, 'livingArea': 2345.0, 'homeType': 'SINGLE_FAMILY', 'homeStatus': 'FOR_RENT', 'daysOnZillow': -1, 'isFeatured': False, 'shouldHighlight': False, 'isRentalWithBasePrice': False, 'zestimate': 480200, 'rentZestimate': 2799, 'listing_sub_type': {}, 'isUnmappable': False, 'isPreforeclosureAuction': False, 'homeStatusForHDP': 'FOR_RENT', 'priceForHDP': 2995.0, 'isNonOwnerOccupied': True, 'isPremierBuilder': False, 'isZillowOwned': False, 'currency': 'USD', 'country': 'USA', 'taxAssessedValue': 322747.0, 'lotAreaValue': 9147.0, 'lotAreaUnit': 'sqft'}}",ForRent,For Rent,False,False,,,
