,buildingId,lotId,price,latLong,minBeds,minBaths,minArea,imgSrc,hasImage,plid,isFeaturedListing,unitCount,buildingName,isBuilding,address,variableData,badgeInfo,statusType,statusText,listingType,isFavorite,detailUrl,has3DModel,hasAdditionalAttributions,canSaveBuilding,zpid,priceLabel,beds,baths,area,isUserClaimingOwner,isUserConfirmedClaim,visited,hdpData,pgapt,sgapt,hasVideo,isHomeRec,availabilityDate
0,33.116543--96.68886,1001621868.0,"$1,500+/mo","{'latitude': 33.116543, 'longitude': -96.68886}",1.0,1.0,660.0,https://photos.zillowstatic.com/fp/64c432f49d305c38a8ac5866f971d125-p_e.jpg,True,2y1zymv1qrgdq,True,49.0,Twin Creeks Crossing,True,"1090 W Exchange Pkwy, Allen, TX",{},,FOR_RENT,Twin Creeks Crossing,,False,/b/twin-creeks-crossing-allen-tx-5Xkdcc/,False,False,True,,,,,,,,,,,,,,
1,33.105507--96.680664,1150988794.0,"$1,470+/mo","{'latitude': 33.105507, 'longitude': -96.680664}",1.0,1.0,775.0,https://photos.zillowstatic.com/fp/78830e5f3816be0abbb27a84c0b24ff0-p_e.jpg,True,3qvtq0wd9q85z,True,30.0,The Carson at Twin Creeks,True,"659 Junction Dr, Allen, TX","{'type': '3D_HOME', 'text': '3D Tour'}",,FOR_RENT,The Carson at Twin Creeks,,False,/b/the-carson-at-twin-creeks-allen-tx-65fFwF/,True,False,True,,,,,,,,,,,,,,
2,33.084927--96.68702,2524863006.0,"$1,572+/mo","{'latitude': 33.084927, 'longitude': -96.68702}",1.0,1.0,642.0,https://photos.zillowstatic.com/fp/693a6e1b2e98c7866eeac8aaf1f758be-p_e.jpg,True,329vgb7cw0j2n,True,27.0,THE MONTGOMERY,True,"1280 Montgomery Blvd, Allen, TX",{},,FOR_RENT,THE MONTGOMERY,,False,/b/the-montgomery-allen-tx-Bwyz6S/,False,False,True,,,,,,,,,,,,,,
3,33.113995--96.68882,1001413382.0,"$1,418+/mo","{'latitude': 33.113995, 'longitude': -96.68882}",1.0,1.0,695.0,https://photos.zillowstatic.com/fp/697867ee89a43195c6269624396264e2-p_e.jpg,True,4peg3npmbtz5w,True,7.0,DeLayne at Twin Creeks,True,"1089 W Exchange Pkwy, Allen, TX",{},,FOR_RENT,DeLayne at Twin Creeks,,False,/b/delayne-at-twin-creeks-allen-tx-5Xhsnp/,False,False,True,,,,,,,,,,,,,,
4,33.088367--96.684616,1001582653.0,"$1,550+/mo","{'latitude': 33.088367, 'longitude': -96.684616}",1.0,1.0,650.0,https://photos.zillowstatic.com/fp/23050d9b0d69212fa5c5526915d0176c-p_e.jpg,True,abnq3n53ypa6,True,28.0,Lofts at Watters Creek Apartments,True,"935 Garden Park Dr, Allen, TX",{},,FOR_RENT,Lofts at Watters Creek Apartments,,False,/b/lofts-at-watters-creek-apartments-allen-tx-5XkKJK/,False,False,True,,,,,,,,,,,,,,
5,33.126896--96.66521,2464924519.0,"$1,530+/mo","{'latitude': 33.126896, 'longitude': -96.66521}",1.0,1.0,753.0,https://photos.zillowstatic.com/fp/043c6b10050294fc7f3d6cfc109f179a-p_e.jpg,True,k986ym93n7b3,True,7.0,Magnolia on the Green,True,"1845 Chelsea Blvd, Allen, TX",{},,FOR_RENT,Magnolia on the Green,,False,/b/magnolia-on-the-green-allen-tx-BjZW83/,False,False,True,,,,,,,,,,,,,,
6,33.103756--96.688805,1001413022.0,"$1,407+/mo","{'latitude': 33.103756, 'longitude': -96.688805}",1.0,1.0,689.0,https://photos.zillowstatic.com/fp/a22ac06e23863190c4cbb15ea78d880d-p_e.jpg,True,296ajfd2729vd,True,18.0,Benton Pointe,True,"205 Benton Dr, Allen, TX","{'type': '3D_HOME', 'text': '3D Tour'}",,FOR_RENT,Benton Pointe,,False,/b/benton-pointe-allen-tx-5XhsdS/,True,False,True,,,,,,,,,,,,,,
7,33.084965--96.68699,2395755458.0,"$1,503+/mo","{'latitude': 33.084965, 'longitude': -96.68699}",1.0,1.0,661.0,https://photos.zillowstatic.com/fp/3b9fa195bc6f3567c3c2057fcc05bc13-p_e.jpg,True,2wjprxv9upnv6,True,28.0,Inkwell Watters Creek,True,"1175 Montgomery Blvd, Allen, TX",{},,FOR_RENT,Inkwell Watters Creek,,False,/b/inkwell-watters-creek-allen-tx-BTZZgX/,False,False,True,,,,,,,,,,,,,,
8,33.107006--96.67836,2425709124.0,"$1,520+/mo","{'latitude': 33.107006, 'longitude': -96.67836}",1.0,1.0,786.0,https://photos.zillowstatic.com/fp/f97b23e7aad467edb9356621677a8b08-p_e.jpg,True,ej2nuyck5u8a,True,24.0,The Link at Twin Creeks,True,"729 Junction Dr, Allen, TX","{'type': '3D_HOME', 'text': '3D Tour'}",,FOR_RENT,The Link at Twin Creeks,,False,/b/the-link-at-twin-creeks-allen-tx-BZnCBr/,True,False,True,,,,,,,,,,,,,,
9,33.11841--96.73195,1002047297.0,"$1,256+/mo","{'latitude': 33.11841, 'longitude': -96.73195}",1.0,1.0,658.0,https://photos.zillowstatic.com/fp/0804448c4d6b0845a752d28157a0ed18-p_e.jpg,True,10ww4w1tg5h2s,True,49.0,Trails at Creekside,True,"1300 N Custer Rd, Allen, TX",{},,FOR_RENT,Trails at Creekside,,False,/b/trails-at-creekside-allen-tx-5XqGpr/,False,False,True,,,,,,,,,,,,,,
10,33.10825--96.67804,2313695923.0,"$1,474+/mo","{'latitude': 33.10825, 'longitude': -96.67804}",1.0,1.0,731.0,https://photos.zillowstatic.com/fp/6de3fac3135f09c641fb254e34e759bf-p_e.jpg,True,p8m7uautnc2s,True,22.0,Larkspur at Twin Creeks - 55+ Active Adult Apartment Homes,True,"860 Junction Dr, Allen, TX",{},"{'type': 'SENIOR_HOUSING', 'text': 'Senior'}",FOR_RENT,Larkspur at Twin Creeks - 55+ Active Adult Apartment Homes,,False,/b/larkspur-at-twin-creeks-55%2b-active-adult-apartment-homes-allen-tx-BCM6S9/,False,False,True,,,,,,,,,,,,,,
11,33.084465--96.68819,2356102065.0,"$1,324+/mo","{'latitude': 33.084465, 'longitude': -96.68819}",1.0,1.0,608.0,https://photos.zillowstatic.com/fp/512179a1e48094e3d75169e244172988-p_e.jpg,True,ztbh38kwca7c,True,18.0,THE REFLECTION AT MONTGOMERY RIDGE,True,"1160 Montgomery Blvd, Allen, TX",{},,FOR_RENT,THE REFLECTION AT MONTGOMERY RIDGE,,False,/b/the-reflection-at-montgomery-ridge-allen-tx-BLhXKc/,False,False,True,,,,,,,,,,,,,,
12,33.100414--96.64728,2371363216.0,"$1,380+/mo","{'latitude': 33.100414, 'longitude': -96.64728}",1.0,1.0,699.0,https://photos.zillowstatic.com/fp/691ba167f4fcf34c1076f0550e03b8bd-p_e.jpg,True,3s89ts68y5k9x,True,2.0,Springwood at Allen,True,"975 E Main St, Allen, TX","{'type': '3D_HOME', 'text': '3D Tour'}","{'type': 'SENIOR_HOUSING', 'text': 'Senior'}",FOR_RENT,Springwood at Allen,,False,/b/springwood-at-allen-allen-tx-BPMGTg/,True,False,True,,,,,,,,,,,,,,
13,,,"$2,450/mo","{'latitude': 33.111465, 'longitude': -96.6371}",,,,https://photos.zillowstatic.com/fp/88e2facc4668c074554073159cfd9954-p_e.jpg,True,,True,,,,--,"{'type': 'TIME_ON_INFO', 'text': '17 hours ago', 'data': {'isFresh': True}}",,FOR_RENT,House for rent,,False,/homedetails/801-Creekside-Ln-Allen-TX-75002/26630079_zpid/,False,False,,26630079,$2.4K,4.0,2.0,2322.0,False,False,False,"{'homeInfo': {'zpid': 26630079, 'zipcode': '75002', 'city': 'Allen', 'state': 'TX', 'latitude': 33.111465, 'longitude': -96.6371, 'price': 2450.0, 'bathrooms': 2.0, 'bedrooms': 4.0, 'livingArea': 2322.0, 'homeType': 'SINGLE_FAMILY', 'homeStatus': 'FOR_RENT', 'daysOnZillow': -1, 'isFeatured': True, 'shouldHighlight': False, 'isRentalWithBasePrice': False, 'zestimate': 447200, 'rentZestimate': 2799, 'listing_sub_type': {}, 'isUnmappable': False, 'isPreforeclosureAuction': False, 'homeStatusForHDP': 'FOR_RENT', 'priceForHDP': 2450.0, 'isNonOwnerOccupied': True, 'isPremierBuilder': False, 'isZillowOwned': False, 'currency': 'USD', 'country': 'USA', 'taxAssessedValue': 307000.0, 'lotAreaValue': 0.2799816345270891, 'lotAreaUnit': 'acres'}}",ForRent,For Rent,False,False,
14,,,"$2,575/mo","{'latitude': 33.076393, 'longitude': -96.65097}",,,,https://photos.zillowstatic.com/fp/cbdaf0b97f001462694c22fc00584843-p_e.jpg,True,,True,,,,--,"{'type': 'TIME_ON_INFO', 'text': '9 days ago', 'data': {'isFresh': False}}",,FOR_RENT,House for rent,,False,/homedetails/1327-Brook-Ridge-Ave-Allen-TX-75002/53122460_zpid/,False,False,,53122460,$2.6K,3.0,2.0,1549.0,False,False,False,"{'homeInfo': {'zpid': 53122460, 'zipcode': '75002', 'city': 'Allen', 'state': 'TX', 'latitude': 33.076393, 'longitude': -96.65097, 'price': 2575.0, 'bathrooms': 2.0, 'bedrooms': 3.0, 'livingArea': 1549.0, 'homeType': 'SINGLE_FAMILY', 'homeStatus': 'FOR_RENT', 'daysOnZillow': -1, 'isFeatured': True, 'shouldHighlight': False, 'isRentalWithBasePrice': False, 'zestimate': 391500, 'rentZestimate': 2263, 'listing_sub_type': {}, 'isUnmappable': False, 'isPreforeclosureAuction': False, 'homeStatusForHDP': 'FOR_RENT', 'priceForHDP': 2575.0, 'isNonOwnerOccupied': True, 'isPremierBuilder': False, 'isZillowOwned': False, 'currency': 'USD', 'country': 'USA', 'taxAssessedValue': 262957.0, 'lotAreaValue': 5662.0, 'lotAreaUnit': 'sqft'}}",ForRent,For Rent,False,False,
15,,,"$2,800/mo","{'latitude': 33.09641, 'longitude': -96.631195}",,,,https://photos.zillowstatic.com/fp/12c49542dcdf8d55b0b37a9ea38f0d4d-p_e.jpg,True,,False,,,,--,"{'type': 'TIME_ON_INFO', 'text': '65 days ago', 'data': {'isFresh': False}}",,FOR_RENT,House for rent,,False,/homedetails/1538-Evergreen-Dr-Allen-TX-75002/53088662_zpid/,False,False,,53088662,$2.8K,3.0,2.0,1902.0,False,False,False,"{'homeInfo': {'zpid': 53088662, 'zipcode': '75002', 'city': 'Allen', 'state': 'TX', 'latitude': 33.09641, 'longitude': -96.631195, 'price': 2800.0, 'datePriceChanged': 1659337200000, 'bathrooms': 2.0, 'bedrooms': 3.0, 'livingArea': 1902.0, 'homeType': 'SINGLE_FAMILY', 'homeStatus': 'FOR_RENT', 'daysOnZillow': -1, 'isFeatured': False, 'shouldHighlight': False, 'isRentalWithBasePrice': False, 'zestimate': 387900, 'rentZestimate': 2456, 'listing_sub_type': {}, 'priceReduction': '$50 (Aug 1)', 'isUnmappable': False, 'isPreforeclosureAuction': False, 'homeStatusForHDP': 'FOR_RENT', 'priceForHDP': 2800.0, 'priceChange': -50, 'isNonOwnerOccupied': True, 'isPremierBuilder': False, 'isZillowOwned': False, 'currency': 'USD', 'country': 'USA', 'taxAssessedValue': 290069.0, 'lotAreaValue': 6969.0, 'lotAreaUnit': 'sqft'}}",ForRent,For Rent,False,False,2022-08-29 00:00:00
16,,,"$2,360/mo","{'latitude': 33.08866, 'longitude': -96.62102}",,,,https://photos.zillowstatic.com/fp/f17b4cd7475a8d6252598039fda91860-p_e.jpg,True,,True,,,,--,"{'type': '3D_HOME', 'text': '3D Tour'}",,FOR_RENT,House for rent,,False,/homedetails/1824-Lake-Texoma-Cir-Allen-TX-75002/55696381_zpid/,True,False,,55696381,$2.4K,4.0,2.0,2565.0,False,False,False,"{'homeInfo': {'zpid': 55696381, 'zipcode': '75002', 'city': 'Allen', 'state': 'TX', 'latitude': 33.08866, 'longitude': -96.62102, 'price': 2360.0, 'bathrooms': 2.0, 'bedrooms': 4.0, 'livingArea': 2565.0, 'homeType': 'SINGLE_FAMILY', 'homeStatus': 'FOR_RENT', 'daysOnZillow': -1, 'isFeatured': True, 'shouldHighlight': False, 'isRentalWithBasePrice': False, 'zestimate': 465900, 'rentZestimate': 2815, 'listing_sub_type': {}, 'isUnmappable': False, 'isPreforeclosureAuction': False, 'homeStatusForHDP': 'FOR_RENT', 'priceForHDP': 2360.0, 'isNonOwnerOccupied': True, 'isPremierBuilder': False, 'isZillowOwned': False, 'currency': 'USD', 'country': 'USA', 'taxAssessedValue': 305000.0, 'lotAreaValue': 7840.0, 'lotAreaUnit': 'sqft'}}",ForRent,For Rent,False,False,2022-09-20 00:00:00
17,,,"$3,300/mo","{'latitude': 33.101746, 'longitude': -96.649826}",,,,https://photos.zillowstatic.com/fp/8ec36dc4d8aa0a4a4fce89fa8360d783-p_e.jpg,True,,False,,,,--,"{'type': 'TIME_ON_INFO', 'text': '34 days ago', 'data': {'isFresh': False}}",,FOR_RENT,House for rent,,False,/homedetails/822-Sycamore-Creek-Rd-Allen-TX-75002/53085325_zpid/,False,False,,53085325,$3.3K,5.0,3.5,3256.0,False,False,False,"{'homeInfo': {'zpid': 53085325, 'zipcode': '75002', 'city': 'Allen', 'state': 'TX', 'latitude': 33.101746, 'longitude': -96.649826, 'price': 3300.0, 'datePriceChanged': 1661151600000, 'bathrooms': 3.5, 'bedrooms': 5.0, 'livingArea': 3256.0, 'homeType': 'SINGLE_FAMILY', 'homeStatus': 'FOR_RENT', 'daysOnZillow': -1, 'isFeatured': False, 'shouldHighlight': False, 'isRentalWithBasePrice': False, 'zestimate': 550100, 'rentZestimate': 3425, 'listing_sub_type': {}, 'priceReduction': '$200 (Aug 22)', 'isUnmappable': False, 'isPreforeclosureAuction': False, 'homeStatusForHDP': 'FOR_RENT', 'priceForHDP': 3300.0, 'priceChange': -200, 'isNonOwnerOccupied': True, 'isPremierBuilder': False, 'isZillowOwned': False, 'currency': 'USD', 'country': 'USA', 'taxAssessedValue': 360147.0}}",ForRent,For Rent,False,False,
18,,,"$2,925/mo","{'latitude': 33.110977, 'longitude': -96.68675}",,,,https://photos.zillowstatic.com/fp/da87ccef277abb537da26f57ef1eb51d-p_e.jpg,True,,False,,,,--,"{'type': 'TIME_ON_INFO', 'text': '8 days ago', 'data': {'isFresh': False}}",,FOR_RENT,House for rent,,False,/homedetails/1072-James-Ct-Allen-TX-75013/246504830_zpid/,False,False,,246504830,$2.9K,3.0,3.0,2091.0,False,False,False,"{'homeInfo': {'zpid': 246504830, 'zipcode': '75013', 'city': 'Allen', 'state': 'TX', 'latitude': 33.110977, 'longitude': -96.68675, 'price': 2925.0, 'bathrooms': 3.0, 'bedrooms': 3.0, 'livingArea': 2091.0, 'homeType': 'SINGLE_FAMILY', 'homeStatus': 'FOR_RENT', 'daysOnZillow': -1, 'isFeatured': False, 'shouldHighlight': False, 'isRentalWithBasePrice': False, 'zestimate': 534500, 'rentZestimate': 2632, 'listing_sub_type': {}, 'isUnmappable': False, 'isPreforeclosureAuction': False, 'homeStatusForHDP': 'FOR_RENT', 'priceForHDP': 2925.0, 'isNonOwnerOccupied': True, 'isPremierBuilder': False, 'isZillowOwned': False, 'currency': 'USD', 'country': 'USA', 'taxAssessedValue': 349019.0}}",ForRent,For Rent,False,False,2022-09-16 00:00:00
19,,,"$1,825/mo","{'latitude': 33.110313, 'longitude': -96.6394}",,,,https://photos.zillowstatic.com/fp/71770e89c3d8342b3ab8dc68b4a70a70-p_e.jpg,True,,True,,,,--,"{'type': '3D_HOME', 'text': '3D Tour'}",,FOR_RENT,House for rent,,False,/homedetails/1314-Clearview-Dr-Allen-TX-75002/26622820_zpid/,True,False,,26622820,$1.8K,3.0,2.0,1404.0,False,False,False,"{'homeInfo': {'zpid': 26622820, 'zipcode': '75002', 'city': 'Allen', 'state': 'TX', 'latitude': 33.110313, 'longitude': -96.6394, 'price': 1825.0, 'bathrooms': 2.0, 'bedrooms': 3.0, 'livingArea': 1404.0, 'homeType': 'SINGLE_FAMILY', 'homeStatus': 'FOR_RENT', 'daysOnZillow': -1, 'isFeatured': True, 'shouldHighlight': False, 'isRentalWithBasePrice': False, 'zestimate': 323900, 'rentZestimate': 2227, 'listing_sub_type': {}, 'isUnmappable': False, 'isPreforeclosureAuction': False, 'homeStatusForHDP': 'FOR_RENT', 'priceForHDP': 1825.0, 'isNonOwnerOccupied': True, 'isPremierBuilder': False, 'isZillowOwned': False, 'currency': 'USD', 'country': 'USA', 'taxAssessedValue': 223994.0}}",ForRent,For Rent,False,False,2022-09-21 00:00:00
20,,,"$3,350/mo","{'latitude': 33.09742, 'longitude': -96.69609}",,,,https://photos.zillowstatic.com/fp/e987d3a50532f28d62c52163f504ebb9-p_e.jpg,True,,False,,,,--,"{'type': 'TIME_ON_INFO', 'text': '28 days ago', 'data': {'isFresh': False}}",,FOR_RENT,House for rent,,False,/homedetails/1203-Cordova-Dr-Allen-TX-75013/53094566_zpid/,False,False,,53094566,$3.4K,4.0,3.0,2644.0,False,False,False,"{'homeInfo': {'zpid': 53094566, 'zipcode': '75013', 'city': 'Allen', 'state': 'TX', 'latitude': 33.09742, 'longitude': -96.69609, 'price': 3350.0, 'datePriceChanged': 1662015600000, 'bathrooms': 3.0, 'bedrooms': 4.0, 'livingArea': 2644.0, 'homeType': 'SINGLE_FAMILY', 'homeStatus': 'FOR_RENT', 'daysOnZillow': -1, 'isFeatured': False, 'shouldHighlight': False, 'isRentalWithBasePrice': False, 'zestimate': 541800, 'rentZestimate': 3069, 'listing_sub_type': {}, 'priceReduction': '$150 (Sep 1)', 'isUnmappable': False, 'isPreforeclosureAuction': False, 'homeStatusForHDP': 'FOR_RENT', 'priceForHDP': 3350.0, 'priceChange': -150, 'isNonOwnerOccupied': True, 'isPremierBuilder': False, 'isZillowOwned': False, 'currency': 'USD', 'country': 'USA', 'taxAssessedValue': 381319.0, 'lotAreaValue': 7405.0, 'lotAreaUnit': 'sqft'}}",ForRent,For Rent,False,False,2022-08-27 00:00:00
21,,,"$3,200/mo","{'latitude': 33.113327, 'longitude': -96.730484}",,,,https://photos.zillowstatic.com/fp/478255fb24008c49ef7c7dc52f88ed60-p_e.jpg,True,,True,,,,--,"{'type': 'TIME_ON_INFO', 'text': '7 days ago', 'data': {'isFresh': False}}",,FOR_RENT,House for rent,,False,/homedetails/2010-Lunenburg-Dr-Allen-TX-75013/26671475_zpid/,False,False,,26671475,$3.2K,4.0,2.5,3136.0,False,False,False,"{'homeInfo': {'zpid': 26671475, 'zipcode': '75013', 'city': 'Allen', 'state': 'TX', 'latitude': 33.113327, 'longitude': -96.730484, 'price': 3200.0, 'bathrooms': 2.5, 'bedrooms': 4.0, 'livingArea': 3136.0, 'homeType': 'SINGLE_FAMILY', 'homeStatus': 'FOR_RENT', 'daysOnZillow': -1, 'isFeatured': True, 'shouldHighlight': False, 'isRentalWithBasePrice': False, 'zestimate': 608200, 'rentZestimate': 3200, 'listing_sub_type': {}, 'isUnmappable': False, 'isPreforeclosureAuction': False, 'homeStatusForHDP': 'FOR_RENT', 'priceForHDP': 3200.0, 'isNonOwnerOccupied': True, 'isPremierBuilder': False, 'isZillowOwned': False, 'currency': 'USD', 'country': 'USA', 'taxAssessedValue': 424252.0, 'lotAreaValue': 7405.0, 'lotAreaUnit': 'sqft'}}",ForRent,For Rent,False,False,2022-09-18 00:00:00
22,,,"$2,450/mo","{'latitude': 33.126156, 'longitude': -96.62822}",,,,https://photos.zillowstatic.com/fp/18c7a02469322b03a14cfc30ace6d4f1-p_e.jpg,True,,True,,,,--,"{'type': 'TIME_ON_INFO', 'text': '16 days ago', 'data': {'isFresh': False}}",,FOR_RENT,House for rent,,False,/homedetails/1711-Buckthorne-Dr-Allen-TX-75002/83764586_zpid/,False,False,,83764586,$2.4K,4.0,2.5,2178.0,False,False,False,"{'homeInfo': {'zpid': 83764586, 'zipcode': '75002', 'city': 'Allen', 'state': 'TX', 'latitude': 33.126156, 'longitude': -96.62822, 'price': 2450.0, 'datePriceChanged': 1663830000000, 'bathrooms': 2.5, 'bedrooms': 4.0, 'livingArea': 2178.0, 'homeType': 'SINGLE_FAMILY', 'homeStatus': 'FOR_RENT', 'daysOnZillow': -1, 'isFeatured': True, 'shouldHighlight': False, 'isRentalWithBasePrice': False, 'zestimate': 486500, 'rentZestimate': 2600, 'listing_sub_type': {}, 'priceReduction': '$50 (Sep 22)', 'isUnmappable': False, 'isPreforeclosureAuction': False, 'homeStatusForHDP': 'FOR_RENT', 'priceForHDP': 2450.0, 'priceChange': -50, 'isNonOwnerOccupied': True, 'isPremierBuilder': False, 'isZillowOwned': False, 'currency': 'USD', 'country': 'USA', 'taxAssessedValue': 335643.0}}",ForRent,For Rent,False,False,
23,,,"$2,545/mo","{'latitude': 33.07398, 'longitude': -96.664665}",,,,https://photos.zillowstatic.com/fp/67dc701b39b82261f97821b61e449324-p_e.jpg,True,,True,,,,--,"{'type': '3D_HOME', 'text': '3D Tour'}",,FOR_RENT,House for rent,,False,/homedetails/1502-Spring-St-Allen-TX-75002/26633488_zpid/,True,False,,26633488,$2.5K,4.0,2.5,2057.0,False,False,False,"{'homeInfo': {'zpid': 26633488, 'zipcode': '75002', 'city': 'Allen', 'state': 'TX', 'latitude': 33.07398, 'longitude': -96.664665, 'price': 2545.0, 'bathrooms': 2.5, 'bedrooms': 4.0, 'livingArea': 2057.0, 'homeType': 'SINGLE_FAMILY', 'homeStatus': 'FOR_RENT', 'daysOnZillow': -1, 'isFeatured': True, 'shouldHighlight': False, 'isRentalWithBasePrice': False, 'zestimate': 401000, 'rentZestimate': 2614, 'listing_sub_type': {}, 'isUnmappable': False, 'isPreforeclosureAuction': False, 'homeStatusForHDP': 'FOR_RENT', 'priceForHDP': 2545.0, 'isNonOwnerOccupied': True, 'isPremierBuilder': False, 'isZillowOwned': False, 'currency': 'USD', 'country': 'USA', 'taxAssessedValue': 273215.0, 'lotAreaValue': 4791.0, 'lotAreaUnit': 'sqft'}}",ForRent,For Rent,False,False,2022-09-19 00:00:00
24,,,"$3,300/mo","{'latitude': 33.096333, 'longitude': -96.6976}",,,,https://photos.zillowstatic.com/fp/125bde080fde41951286716ba9b27fe7-p_e.jpg,True,,True,,,,--,"{'type': 'TIME_ON_INFO', 'text': '25 days ago', 'data': {'isFresh': False}}",,FOR_RENT,House for rent,,False,/homedetails/1220-Bel-Air-Dr-Allen-TX-75013/53094574_zpid/,False,False,,53094574,$3.3K,4.0,3.5,3006.0,False,False,False,"{'homeInfo': {'zpid': 53094574, 'zipcode': '75013', 'city': 'Allen', 'state': 'TX', 'latitude': 33.096333, 'longitude': -96.6976, 'price': 3300.0, 'datePriceChanged': 1662966000000, 'bathrooms': 3.5, 'bedrooms': 4.0, 'livingArea': 3006.0, 'homeType': 'SINGLE_FAMILY', 'homeStatus': 'FOR_RENT', 'daysOnZillow': -1, 'isFeatured': True, 'shouldHighlight': False, 'isRentalWithBasePrice': False, 'zestimate': 650005, 'rentZestimate': 3298, 'listing_sub_type': {}, 'priceReduction': '$200 (Sep 12)', 'isUnmappable': False, 'isPreforeclosureAuction': False, 'homeStatusForHDP': 'FOR_RENT', 'priceForHDP': 3300.0, 'priceChange': -200, 'isNonOwnerOccupied': True, 'isPremierBuilder': False, 'isZillowOwned': False, 'currency': 'USD', 'country': 'USA', 'taxAssessedValue': 422948.0, 'lotAreaValue': 0.25, 'lotAreaUnit': 'acres'}}",ForRent,For Rent,False,False,
25,,,"$2,245/mo","{'latitude': 33.098717, 'longitude': -96.65049}",,,,https://photos.zillowstatic.com/fp/9798b084aef05dce7c06288741f74c70-p_e.jpg,True,,True,,,,--,"{'type': '3D_HOME', 'text': '3D Tour'}",,FOR_RENT,House for rent,,False,/homedetails/808-Leading-Ln-Allen-TX-75002/26622050_zpid/,True,False,,26622050,$2.2K,3.0,2.0,1437.0,False,False,False,"{'homeInfo': {'zpid': 26622050, 'zipcode': '75002', 'city': 'Allen', 'state': 'TX', 'latitude': 33.098717, 'longitude': -96.65049, 'price': 2245.0, 'datePriceChanged': 1663830000000, 'bathrooms': 2.0, 'bedrooms': 3.0, 'livingArea': 1437.0, 'homeType': 'SINGLE_FAMILY', 'homeStatus': 'FOR_RENT', 'daysOnZillow': -1, 'isFeatured': True, 'shouldHighlight': False, 'isRentalWithBasePrice': False, 'zestimate': 311300, 'rentZestimate': 2060, 'listing_sub_type': {}, 'priceReduction': '$35 (Sep 22)', 'isUnmappable': False, 'isPreforeclosureAuction': False, 'homeStatusForHDP': 'FOR_RENT', 'priceForHDP': 2245.0, 'priceChange': -35, 'isNonOwnerOccupied': True, 'isPremierBuilder': False, 'isZillowOwned': False, 'currency': 'USD', 'country': 'USA', 'taxAssessedValue': 214245.0}}",ForRent,For Rent,False,False,2022-09-17 00:00:00
26,,,"$3,495/mo","{'latitude': 33.13896, 'longitude': -96.66547}",,,,https://photos.zillowstatic.com/fp/2ae53d28560cc4f83467752ccac04305-p_e.jpg,True,,True,,,,--,"{'type': 'TIME_ON_INFO', 'text': '31 days ago', 'data': {'isFresh': False}}",,FOR_RENT,House for rent,,False,/homedetails/2353-Palazzo-Ln-Allen-TX-75013/116188867_zpid/,False,False,,116188867,$3.5K,3.0,2.5,3268.0,False,False,False,"{'homeInfo': {'zpid': 116188867, 'zipcode': '75013', 'city': 'Allen', 'state': 'TX', 'latitude': 33.13896, 'longitude': -96.66547, 'price': 3495.0, 'datePriceChanged': 1663657200000, 'bathrooms': 2.5, 'bedrooms': 3.0, 'livingArea': 3268.0, 'homeType': 'SINGLE_FAMILY', 'homeStatus': 'FOR_RENT', 'daysOnZillow': -1, 'isFeatured': True, 'shouldHighlight': False, 'isRentalWithBasePrice': False, 'zestimate': 727900, 'rentZestimate': 3384, 'listing_sub_type': {}, 'priceReduction': '$105 (Sep 20)', 'isUnmappable': False, 'isPreforeclosureAuction': False, 'homeStatusForHDP': 'FOR_RENT', 'priceForHDP': 3495.0, 'priceChange': -105, 'isNonOwnerOccupied': True, 'isPremierBuilder': False, 'isZillowOwned': False, 'currency': 'USD', 'country': 'USA', 'taxAssessedValue': 458039.0, 'lotAreaValue': 5793.0, 'lotAreaUnit': 'sqft'}}",ForRent,For Rent,False,False,2022-08-24 00:00:00
27,,,"$2,045/mo","{'latitude': 33.11145, 'longitude': -96.64007}",,,,https://photos.zillowstatic.com/fp/898584c882365a27bb4062673fb0fad2-p_e.jpg,True,,True,,,,--,"{'type': 'TIME_ON_INFO', 'text': '30 days ago', 'data': {'isFresh': False}}",,FOR_RENT,House for rent,,False,/homedetails/1313-Thoreau-Ln-Allen-TX-75002/26622865_zpid/,False,False,,26622865,$2.0K,3.0,2.0,1499.0,False,False,False,"{'homeInfo': {'zpid': 26622865, 'zipcode': '75002', 'city': 'Allen', 'state': 'TX', 'latitude': 33.11145, 'longitude': -96.64007, 'price': 2045.0, 'bathrooms': 2.0, 'bedrooms': 3.0, 'livingArea': 1499.0, 'homeType': 'SINGLE_FAMILY', 'homeStatus': 'FOR_RENT', 'daysOnZillow': -1, 'isFeatured': True, 'shouldHighlight': False, 'isRentalWithBasePrice': False, 'zestimate': 402100, 'rentZestimate': 2199, 'listing_sub_type': {}, 'isUnmappable': False, 'isPreforeclosureAuction': False, 'homeStatusForHDP': 'FOR_RENT', 'priceForHDP': 2045.0, 'isNonOwnerOccupied': True, 'isPremierBuilder': False, 'isZillowOwned': False, 'currency': 'USD', 'country': 'USA', 'taxAssessedValue': 248035.0, 'lotAreaValue': 7840.0, 'lotAreaUnit': 'sqft'}}",ForRent,For Rent,False,False,2022-10-01 00:00:00
28,,,"$2,950/mo","{'latitude': 33.09695, 'longitude': -96.6961}",,,,https://photos.zillowstatic.com/fp/38f31ee015cd2ac659cf0f911e5f572c-p_e.jpg,True,,True,,,,--,"{'type': 'TIME_ON_INFO', 'text': '15 days ago', 'data': {'isFresh': False}}",,FOR_RENT,House for rent,,False,/homedetails/1204-Bel-Air-Dr-Allen-TX-75013/53094568_zpid/,False,False,,53094568,$3.0K,4.0,2.5,2643.0,False,False,False,"{'homeInfo': {'zpid': 53094568, 'zipcode': '75013', 'city': 'Allen', 'state': 'TX', 'latitude': 33.09695, 'longitude': -96.6961, 'price': 2950.0, 'datePriceChanged': 1663743600000, 'bathrooms': 2.5, 'bedrooms': 4.0, 'livingArea': 2643.0, 'homeType': 'SINGLE_FAMILY', 'homeStatus': 'FOR_RENT', 'daysOnZillow': -1, 'isFeatured': True, 'shouldHighlight': False, 'isRentalWithBasePrice': False, 'zestimate': 607500, 'rentZestimate': 2999, 'listing_sub_type': {}, 'priceReduction': '$250 (Sep 21)', 'isUnmappable': False, 'isPreforeclosureAuction': False, 'homeStatusForHDP': 'FOR_RENT', 'priceForHDP': 2950.0, 'priceChange': -250, 'isNonOwnerOccupied': True, 'isPremierBuilder': False, 'isZillowOwned': False, 'currency': 'USD', 'country': 'USA', 'taxAssessedValue': 405000.0, 'lotAreaValue': 0.2699954086317723, 'lotAreaUnit': 'acres'}}",ForRent,For Rent,False,False,2022-09-09 00:00:00
29,,,"$4,700/mo","{'latitude': 33.12486, 'longitude': -96.614746}",,,,https://photos.zillowstatic.com/fp/4ba74c6211b2e5892afd8af0da8c144e-p_e.jpg,True,,False,,,,--,"{'type': 'TIME_ON_INFO', 'text': '52 days ago', 'data': {'isFresh': False}}",,FOR_RENT,House for rent,,False,/homedetails/1722-Turnberry-Ln-Allen-TX-75002/53121539_zpid/,False,False,,53121539,$4.7K,4.0,4.0,3936.0,False,False,False,"{'homeInfo': {'zpid': 53121539, 'zipcode': '75002', 'city': 'Allen', 'state': 'TX', 'latitude': 33.12486, 'longitude': -96.614746, 'price': 4700.0, 'datePriceChanged': 1661238000000, 'bathrooms': 4.0, 'bedrooms': 4.0, 'livingArea': 3936.0, 'homeType': 'SINGLE_FAMILY', 'homeStatus': 'FOR_RENT', 'daysOnZillow': -1, 'isFeatured': False, 'shouldHighlight': False, 'isRentalWithBasePrice': False, 'zestimate': 750800, 'rentZestimate': 4086, 'listing_sub_type': {}, 'priceReduction': '$300 (Aug 23)', 'isUnmappable': False, 'isPreforeclosureAuction': False, 'homeStatusForHDP': 'FOR_RENT', 'priceForHDP': 4700.0, 'priceChange': -300, 'isNonOwnerOccupied': True, 'isPremierBuilder': False, 'isZillowOwned': False, 'currency': 'USD', 'country': 'USA', 'taxAssessedValue': 535013.0, 'lotAreaValue': 0.2799816345270891, 'lotAreaUnit': 'acres'}}",ForRent,For Rent,False,False,2022-09-18 00:00:00
30,,,"$2,575/mo","{'latitude': 33.11093, 'longitude': -96.63876}",,,,https://photos.zillowstatic.com/fp/a5a718e0b70ead61f6253c33fef651f3-p_e.jpg,True,,True,,,,--,"{'type': '3D_HOME', 'text': '3D Tour'}",,FOR_RENT,House for rent,,False,/homedetails/1323-Clearview-Dr-Allen-TX-75002/26622839_zpid/,True,False,,26622839,$2.6K,3.0,2.0,1633.0,False,False,False,"{'homeInfo': {'zpid': 26622839, 'zipcode': '75002', 'city': 'Allen', 'state': 'TX', 'latitude': 33.11093, 'longitude': -96.63876, 'price': 2575.0, 'datePriceChanged': 1663916400000, 'bathrooms': 2.0, 'bedrooms': 3.0, 'livingArea': 1633.0, 'homeType': 'SINGLE_FAMILY', 'homeStatus': 'FOR_RENT', 'daysOnZillow': -1, 'isFeatured': True, 'shouldHighlight': False, 'isRentalWithBasePrice': False, 'zestimate': 408900, 'rentZestimate': 2243, 'listing_sub_type': {}, 'priceReduction': '$25 (Sep 23)', 'isUnmappable': False, 'isPreforeclosureAuction': False, 'homeStatusForHDP': 'FOR_RENT', 'priceForHDP': 2575.0, 'priceChange': -25, 'isNonOwnerOccupied': True, 'isPremierBuilder': False, 'isZillowOwned': False, 'currency': 'USD', 'country': 'USA', 'taxAssessedValue': 242280.0}}",ForRent,For Rent,False,False,2022-08-30 00:00:00
31,,,"$3,000/mo","{'latitude': 33.128155, 'longitude': -96.64431}",,,,https://photos.zillowstatic.com/fp/7e368e8645c4250e799910de1e81a328-p_e.jpg,True,,True,,,,--,"{'type': 'TIME_ON_INFO', 'text': '22 days ago', 'data': {'isFresh': False}}",,FOR_RENT,House for rent,,False,/homedetails/1751-Redding-St-Allen-TX-75002/304022086_zpid/,False,False,,304022086,$3.0K,3.0,2.5,1893.0,False,False,False,"{'homeInfo': {'zpid': 304022086, 'zipcode': '75002', 'city': 'Allen', 'state': 'TX', 'latitude': 33.128155, 'longitude': -96.64431, 'price': 3000.0, 'datePriceChanged': 1663830000000, 'bathrooms': 2.5, 'bedrooms': 3.0, 'livingArea': 1893.0, 'homeType': 'SINGLE_FAMILY', 'homeStatus': 'FOR_RENT', 'daysOnZillow': -1, 'isFeatured': True, 'shouldHighlight': False, 'isRentalWithBasePrice': False, 'zestimate': 440600, 'rentZestimate': 2604, 'listing_sub_type': {}, 'priceReduction': '$150 (Sep 22)', 'isUnmappable': False, 'isPreforeclosureAuction': False, 'homeStatusForHDP': 'FOR_RENT', 'priceForHDP': 3000.0, 'priceChange': -150, 'isNonOwnerOccupied': True, 'isPremierBuilder': False, 'isZillowOwned': False, 'currency': 'USD', 'country': 'USA', 'taxAssessedValue': 47880.0, 'lotAreaValue': 3049.0, 'lotAreaUnit': 'sqft'}}",ForRent,For Rent,False,False,2022-09-06 00:00:00
32,,,"$3,100/mo","{'latitude': 33.113674, 'longitude': -96.687}",,,,https://photos.zillowstatic.com/fp/54a1cff6cbd8f2f93359e1ea57588e89-p_e.jpg,True,,False,,,,--,"{'type': 'TIME_ON_INFO', 'text': '22 days ago', 'data': {'isFresh': False}}",,FOR_RENT,House for rent,,False,/homedetails/1025-Zachary-Way-Allen-TX-75013/125315050_zpid/,False,False,,125315050,$3.1K,3.0,3.0,2400.0,False,False,False,"{'homeInfo': {'zpid': 125315050, 'zipcode': '75013', 'city': 'Allen', 'state': 'TX', 'latitude': 33.113674, 'longitude': -96.687, 'price': 3100.0, 'datePriceChanged': 1663657200000, 'bathrooms': 3.0, 'bedrooms': 3.0, 'livingArea': 2400.0, 'homeType': 'SINGLE_FAMILY', 'homeStatus': 'FOR_RENT', 'daysOnZillow': -1, 'isFeatured': False, 'shouldHighlight': False, 'isRentalWithBasePrice': False, 'zestimate': 623900, 'rentZestimate': 2999, 'listing_sub_type': {}, 'priceReduction': '$100 (Sep 20)', 'isUnmappable': False, 'isPreforeclosureAuction': False, 'homeStatusForHDP': 'FOR_RENT', 'priceForHDP': 3100.0, 'priceChange': -100, 'isNonOwnerOccupied': True, 'isPremierBuilder': False, 'isZillowOwned': False, 'currency': 'USD', 'country': 'USA', 'taxAssessedValue': 388356.0, 'lotAreaValue': 3049.0, 'lotAreaUnit': 'sqft'}}",ForRent,For Rent,False,False,2022-09-02 00:00:00
33,,,"$2,500/mo","{'latitude': 33.1101, 'longitude': -96.638794}",,,,https://photos.zillowstatic.com/fp/ab4b4d7b5a6f11ea7e8467aede370058-p_e.jpg,True,,True,,,,--,"{'type': '3D_HOME', 'text': '3D Tour'}",,FOR_RENT,House for rent,,False,/homedetails/1319-Springview-Dr-Allen-TX-75002/26622810_zpid/,True,False,,26622810,$2.5K,4.0,2.0,1718.0,False,False,False,"{'homeInfo': {'zpid': 26622810, 'zipcode': '75002', 'city': 'Allen', 'state': 'TX', 'latitude': 33.1101, 'longitude': -96.638794, 'price': 2500.0, 'datePriceChanged': 1663311600000, 'bathrooms': 2.0, 'bedrooms': 4.0, 'livingArea': 1718.0, 'homeType': 'SINGLE_FAMILY', 'homeStatus': 'FOR_RENT', 'daysOnZillow': -1, 'isFeatured': True, 'shouldHighlight': False, 'isRentalWithBasePrice': False, 'zestimate': 376100, 'rentZestimate': 2320, 'listing_sub_type': {}, 'priceReduction': '$50 (Sep 16)', 'isUnmappable': False, 'isPreforeclosureAuction': False, 'homeStatusForHDP': 'FOR_RENT', 'priceForHDP': 2500.0, 'priceChange': -50, 'isNonOwnerOccupied': True, 'isPremierBuilder': False, 'isZillowOwned': False, 'currency': 'USD', 'country': 'USA', 'taxAssessedValue': 251038.0, 'lotAreaValue': 7840.0, 'lotAreaUnit': 'sqft'}}",ForRent,For Rent,False,False,2022-09-01 00:00:00
34,,,"$2,950/mo","{'latitude': 33.12111, 'longitude': -96.67321}",,,,https://photos.zillowstatic.com/fp/9b4b8a501badf93e8708b020133a777c-p_e.jpg,True,,True,,,,--,"{'type': 'TIME_ON_INFO', 'text': '32 days ago', 'data': {'isFresh': False}}",,FOR_RENT,House for rent,,False,/homedetails/814-Birdie-Dr-Allen-TX-75013/168642660_zpid/,False,False,,168642660,$3.0K,4.0,3.0,2489.0,False,False,False,"{'homeInfo': {'zpid': 168642660, 'zipcode': '75013', 'city': 'Allen', 'state': 'TX', 'latitude': 33.12111, 'longitude': -96.67321, 'price': 2950.0, 'datePriceChanged': 1663830000000, 'bathrooms': 3.0, 'bedrooms': 4.0, 'livingArea': 2489.0, 'homeType': 'SINGLE_FAMILY', 'homeStatus': 'FOR_RENT', 'daysOnZillow': -1, 'isFeatured': True, 'shouldHighlight': False, 'isRentalWithBasePrice': False, 'zestimate': 578500, 'rentZestimate': 3068, 'listing_sub_type': {}, 'priceReduction': '$100 (Sep 22)', 'isUnmappable': False, 'isPreforeclosureAuction': False, 'homeStatusForHDP': 'FOR_RENT', 'priceForHDP': 2950.0, 'priceChange': -100, 'isNonOwnerOccupied': True, 'isPremierBuilder': False, 'isZillowOwned': False, 'currency': 'USD', 'country': 'USA', 'taxAssessedValue': 378000.0}}",ForRent,For Rent,False,False,
35,,,"$2,749/mo","{'latitude': 33.12717, 'longitude': -96.645355}",,,,https://photos.zillowstatic.com/fp/bdfe2438def4ddfe25189f8ea7446da6-p_e.jpg,True,,False,,,,--,"{'type': 'TIME_ON_INFO', 'text': '24 days ago', 'data': {'isFresh': False}}",,FOR_RENT,Townhouse for rent,,False,/homedetails/1720-Lisa-Ct-Allen-TX-75002/304021683_zpid/,False,False,,304021683,$2.7K,3.0,2.5,1766.0,False,False,False,"{'homeInfo': {'zpid': 304021683, 'zipcode': '75002', 'city': 'Allen', 'state': 'TX', 'latitude': 33.12717, 'longitude': -96.645355, 'price': 2749.0, 'datePriceChanged': 1662534000000, 'bathrooms': 2.5, 'bedrooms': 3.0, 'livingArea': 1766.0, 'homeType': 'TOWNHOUSE', 'homeStatus': 'FOR_RENT', 'daysOnZillow': -1, 'isFeatured': False, 'shouldHighlight': False, 'isRentalWithBasePrice': False, 'zestimate': 398300, 'rentZestimate': 2595, 'listing_sub_type': {}, 'isUnmappable': False, 'isPreforeclosureAuction': False, 'homeStatusForHDP': 'FOR_RENT', 'priceForHDP': 2749.0, 'priceChange': 250, 'isNonOwnerOccupied': True, 'isPremierBuilder': False, 'isZillowOwned': False, 'currency': 'USD', 'country': 'USA', 'taxAssessedValue': 248321.0, 'lotAreaValue': 2178.0, 'lotAreaUnit': 'sqft'}}",ForRent,For Rent,False,False,2022-10-01 00:00:00
36,,,"$2,600/mo","{'latitude': 33.111717, 'longitude': -96.63901}",,,,https://photos.zillowstatic.com/fp/ed8a60f8b6aeb82526ced21e847377c0-p_e.jpg,True,,True,,,,--,"{'type': '3D_HOME', 'text': '3D Tour'}",,FOR_RENT,House for rent,,False,/homedetails/1323-Thoreau-Ln-Allen-TX-75002/26622870_zpid/,True,False,,26622870,$2.6K,3.0,2.0,1944.0,False,False,False,"{'homeInfo': {'zpid': 26622870, 'zipcode': '75002', 'city': 'Allen', 'state': 'TX', 'latitude': 33.111717, 'longitude': -96.63901, 'price': 2600.0, 'datePriceChanged': 1663311600000, 'bathrooms': 2.0, 'bedrooms': 3.0, 'livingArea': 1944.0, 'homeType': 'SINGLE_FAMILY', 'homeStatus': 'FOR_RENT', 'daysOnZillow': -1, 'isFeatured': True, 'shouldHighlight': False, 'isRentalWithBasePrice': False, 'zestimate': 390200, 'rentZestimate': 2482, 'listing_sub_type': {}, 'priceReduction': '$50 (Sep 16)', 'isUnmappable': False, 'isPreforeclosureAuction': False, 'homeStatusForHDP': 'FOR_RENT', 'priceForHDP': 2600.0, 'priceChange': -50, 'isNonOwnerOccupied': True, 'isPremierBuilder': False, 'isZillowOwned': False, 'currency': 'USD', 'country': 'USA', 'taxAssessedValue': 269637.0, 'lotAreaValue': 7884.0, 'lotAreaUnit': 'sqft'}}",ForRent,For Rent,False,False,2022-08-30 00:00:00
37,,,"$3,000/mo","{'latitude': 33.101177, 'longitude': -96.62587}",,,,https://photos.zillowstatic.com/fp/0e73baf34c9c1f438141acc4ce9fe3c3-p_e.jpg,True,,False,,,,--,"{'type': 'TIME_ON_INFO', 'text': '36 days ago', 'data': {'isFresh': False}}",,FOR_RENT,House for rent,,False,/homedetails/109-Dustin-Dr-Allen-TX-75002/69636024_zpid/,False,False,,69636024,$3.0K,4.0,2.5,2892.0,False,False,False,"{'homeInfo': {'zpid': 69636024, 'zipcode': '75002', 'city': 'Allen', 'state': 'TX', 'latitude': 33.101177, 'longitude': -96.62587, 'price': 3000.0, 'bathrooms': 2.5, 'bedrooms': 4.0, 'livingArea': 2892.0, 'homeType': 'SINGLE_FAMILY', 'homeStatus': 'FOR_RENT', 'daysOnZillow': -1, 'isFeatured': False, 'shouldHighlight': False, 'isRentalWithBasePrice': False, 'zestimate': 488100, 'rentZestimate': 2965, 'listing_sub_type': {}, 'isUnmappable': False, 'isPreforeclosureAuction': False, 'homeStatusForHDP': 'FOR_RENT', 'priceForHDP': 3000.0, 'isNonOwnerOccupied': True, 'isPremierBuilder': False, 'isZillowOwned': False, 'currency': 'USD', 'country': 'USA', 'taxAssessedValue': 317907.0}}",ForRent,For Rent,False,False,2022-09-01 00:00:00
38,,,"$2,545/mo","{'latitude': 33.12716, 'longitude': -96.639244}",,,,https://photos.zillowstatic.com/fp/5e3130fe5fa1be352ed16b3a8e1adae0-p_e.jpg,True,,True,,,,--,"{'type': 'TIME_ON_INFO', 'text': '46 days ago', 'data': {'isFresh': False}}",,FOR_RENT,House for rent,,False,/homedetails/1322-Lamar-Ln-Allen-TX-75002/83725988_zpid/,False,False,,83725988,$2.5K,4.0,2.5,2398.0,False,False,False,"{'homeInfo': {'zpid': 83725988, 'zipcode': '75002', 'city': 'Allen', 'state': 'TX', 'latitude': 33.12716, 'longitude': -96.639244, 'price': 2545.0, 'bathrooms': 2.5, 'bedrooms': 4.0, 'livingArea': 2398.0, 'homeType': 'SINGLE_FAMILY', 'homeStatus': 'FOR_RENT', 'daysOnZillow': -1, 'isFeatured': True, 'shouldHighlight': False, 'isRentalWithBasePrice': False, 'zestimate': 454700, 'rentZestimate': 2650, 'listing_sub_type': {}, 'isUnmappable': False, 'isPreforeclosureAuction': False, 'homeStatusForHDP': 'FOR_RENT', 'priceForHDP': 2545.0, 'isNonOwnerOccupied': True, 'isPremierBuilder': False, 'isZillowOwned': False, 'currency': 'USD', 'country': 'USA', 'taxAssessedValue': 311350.0, 'lotAreaValue': 5227.0, 'lotAreaUnit': 'sqft'}}",ForRent,For Rent,False,False,2022-09-14 00:00:00
39,,,"$2,300/mo","{'latitude': 33.09476, 'longitude': -96.65646}",,,,https://photos.zillowstatic.com/fp/0e5c837bfa0c7aa63f09cbd0c76c21d3-p_e.jpg,True,,False,,,,--,"{'type': 'TIME_ON_INFO', 'text': '46 days ago', 'data': {'isFresh': False}}",,FOR_RENT,Townhouse for rent,,False,/homedetails/323-Regency-Dr-Allen-TX-75002/65348770_zpid/,False,False,,65348770,$2.3K,3.0,2.5,1900.0,False,False,False,"{'homeInfo': {'zpid': 65348770, 'zipcode': '75002', 'city': 'Allen', 'state': 'TX', 'latitude': 33.09476, 'longitude': -96.65646, 'price': 2300.0, 'datePriceChanged': 1663398000000, 'bathrooms': 2.5, 'bedrooms': 3.0, 'livingArea': 1900.0, 'homeType': 'TOWNHOUSE', 'homeStatus': 'FOR_RENT', 'daysOnZillow': -1, 'isFeatured': False, 'shouldHighlight': False, 'isRentalWithBasePrice': False, 'zestimate': 351100, 'rentZestimate': 2499, 'listing_sub_type': {}, 'isUnmappable': False, 'isPreforeclosureAuction': False, 'homeStatusForHDP': 'FOR_RENT', 'priceForHDP': 2300.0, 'priceChange': 100, 'isNonOwnerOccupied': True, 'isPremierBuilder': False, 'isZillowOwned': False, 'currency': 'USD', 'country': 'USA', 'taxAssessedValue': 262997.0, 'lotAreaValue': 3327.0, 'lotAreaUnit': 'sqft'}}",ForRent,For Rent,False,False,2022-10-01 00:00:00
40,,,"$2,995/mo","{'latitude': 33.123707, 'longitude': -96.70122}",,,,https://photos.zillowstatic.com/fp/ecd6a5f328a335cd822826990d0812fd-p_e.jpg,True,,False,,,,--,"{'type': 'TIME_ON_INFO', 'text': '32 days ago', 'data': {'isFresh': False}}",,FOR_RENT,House for rent,,False,/homedetails/1323-Canterbury-Dr-Allen-TX-75013/55699707_zpid/,False,False,,55699707,$3.0K,4.0,2.5,2775.0,False,False,False,"{'homeInfo': {'zpid': 55699707, 'zipcode': '75013', 'city': 'Allen', 'state': 'TX', 'latitude': 33.123707, 'longitude': -96.70122, 'price': 2995.0, 'datePriceChanged': 1663570800000, 'bathrooms': 2.5, 'bedrooms': 4.0, 'livingArea': 2775.0, 'homeType': 'SINGLE_FAMILY', 'homeStatus': 'FOR_RENT', 'daysOnZillow': -1, 'isFeatured': False, 'shouldHighlight': False, 'isRentalWithBasePrice': False, 'zestimate': 557700, 'rentZestimate': 2929, 'listing_sub_type': {}, 'priceReduction': '$105 (Sep 19)', 'isUnmappable': False, 'isPreforeclosureAuction': False, 'homeStatusForHDP': 'FOR_RENT', 'priceForHDP': 2995.0, 'priceChange': -105, 'isNonOwnerOccupied': True, 'isPremierBuilder': False, 'isZillowOwned': False, 'currency': 'USD', 'country': 'USA', 'taxAssessedValue': 353228.0, 'lotAreaValue': 6969.0, 'lotAreaUnit': 'sqft'}}",ForRent,For Rent,False,False,2022-09-01 00:00:00
41,,,"$2,850/mo","{'latitude': 33.089886, 'longitude': -96.7318}",,,,https://photos.zillowstatic.com/fp/55af3652cb741f3be7a187b4151c7de2-p_e.jpg,True,,False,,,,--,"{'type': 'TIME_ON_INFO', 'text': '8 days ago', 'data': {'isFresh': False}}",,FOR_RENT,House for rent,,False,/homedetails/2041-Londonderry-Dr-Allen-TX-75013/26669763_zpid/,False,False,,26669763,$2.8K,4.0,3.0,2682.0,False,False,False,"{'homeInfo': {'zpid': 26669763, 'zipcode': '75013', 'city': 'Allen', 'state': 'TX', 'latitude': 33.089886, 'longitude': -96.7318, 'price': 2850.0, 'bathrooms': 3.0, 'bedrooms': 4.0, 'livingArea': 2682.0, 'homeType': 'SINGLE_FAMILY', 'homeStatus': 'FOR_RENT', 'daysOnZillow': -1, 'isFeatured': False, 'shouldHighlight': False, 'isRentalWithBasePrice': False, 'zestimate': 523700, 'rentZestimate': 3025, 'listing_sub_type': {}, 'isUnmappable': False, 'isPreforeclosureAuction': False, 'homeStatusForHDP': 'FOR_RENT', 'priceForHDP': 2850.0, 'isNonOwnerOccupied': True, 'isPremierBuilder': False, 'isZillowOwned': False, 'currency': 'USD', 'country': 'USA', 'taxAssessedValue': 344840.0, 'lotAreaValue': 5662.0, 'lotAreaUnit': 'sqft'}}",ForRent,For Rent,False,False,2022-09-16 00:00:00
42,,,"$2,999/mo","{'latitude': 33.090115, 'longitude': -96.650856}",,,,https://photos.zillowstatic.com/fp/a96c46d646a2735313ea1d0fbbe084a5-p_e.jpg,True,,False,,,,--,"{'type': 'TIME_ON_INFO', 'text': '26 days ago', 'data': {'isFresh': False}}",,FOR_RENT,House for rent,,False,/homedetails/731-Pulitzer-Ln-Allen-TX-75002/26640444_zpid/,False,False,,26640444,$3.0K,3.0,3.0,2594.0,False,False,False,"{'homeInfo': {'zpid': 26640444, 'zipcode': '75002', 'city': 'Allen', 'state': 'TX', 'latitude': 33.090115, 'longitude': -96.650856, 'price': 2999.0, 'datePriceChanged': 1663484400000, 'bathrooms': 3.0, 'bedrooms': 3.0, 'livingArea': 2594.0, 'homeType': 'SINGLE_FAMILY', 'homeStatus': 'FOR_RENT', 'daysOnZillow': -1, 'isFeatured': False, 'shouldHighlight': False, 'isRentalWithBasePrice': False, 'zestimate': 497300, 'rentZestimate': 2995, 'listing_sub_type': {}, 'priceReduction': '$201 (Sep 18)', 'isUnmappable': False, 'isPreforeclosureAuction': False, 'homeStatusForHDP': 'FOR_RENT', 'priceForHDP': 2999.0, 'priceChange': -201, 'isNonOwnerOccupied': True, 'isPremierBuilder': False, 'isZillowOwned': False, 'currency': 'USD', 'country': 'USA', 'taxAssessedValue': 323482.0}}",ForRent,For Rent,False,False,2022-09-01 00:00:00
43,,,"$2,675/mo","{'latitude': 33.108326, 'longitude': -96.63103}",,,,https://photos.zillowstatic.com/fp/98ee25e9d686647966bb68b6831021e9-p_e.jpg,True,,False,,,,--,"{'type': 'TIME_ON_INFO', 'text': '45 days ago', 'data': {'isFresh': False}}",,FOR_RENT,House for rent,,False,/homedetails/1529-Rivercrest-Blvd-Allen-TX-75002/26651313_zpid/,False,False,,26651313,$2.7K,4.0,2.5,2478.0,False,False,False,"{'homeInfo': {'zpid': 26651313, 'zipcode': '75002', 'city': 'Allen', 'state': 'TX', 'latitude': 33.108326, 'longitude': -96.63103, 'price': 2675.0, 'datePriceChanged': 1663657200000, 'bathrooms': 2.5, 'bedrooms': 4.0, 'livingArea': 2478.0, 'homeType': 'SINGLE_FAMILY', 'homeStatus': 'FOR_RENT', 'daysOnZillow': -1, 'isFeatured': False, 'shouldHighlight': False, 'isRentalWithBasePrice': False, 'zestimate': 463100, 'rentZestimate': 2727, 'listing_sub_type': {}, 'priceReduction': '$125 (Sep 20)', 'isUnmappable': False, 'isPreforeclosureAuction': False, 'homeStatusForHDP': 'FOR_RENT', 'priceForHDP': 2675.0, 'priceChange': -125, 'isNonOwnerOccupied': True, 'isPremierBuilder': False, 'isZillowOwned': False, 'currency': 'USD', 'country': 'USA', 'taxAssessedValue': 320000.0, 'lotAreaValue': 8276.0, 'lotAreaUnit': 'sqft'}}",ForRent,For Rent,False,False,
44,,,"$3,250/mo","{'latitude': 33.101547, 'longitude': -96.72636}",,,,https://photos.zillowstatic.com/fp/3fc90e1cac707b1ff76cc0bc36c93f4d-p_e.jpg,True,,False,,,,--,"{'type': 'TIME_ON_INFO', 'text': '55 days ago', 'data': {'isFresh': False}}",,FOR_RENT,House for rent,,False,/homedetails/1860-Wood-Duck-Ln-Allen-TX-75013/116189715_zpid/,False,False,,116189715,$3.2K,4.0,3.5,3150.0,False,False,False,"{'homeInfo': {'zpid': 116189715, 'zipcode': '75013', 'city': 'Allen', 'state': 'TX', 'latitude': 33.101547, 'longitude': -96.72636, 'price': 3250.0, 'datePriceChanged': 1663484400000, 'bathrooms': 3.5, 'bedrooms': 4.0, 'livingArea': 3150.0, 'homeType': 'SINGLE_FAMILY', 'homeStatus': 'FOR_RENT', 'daysOnZillow': -1, 'isFeatured': False, 'shouldHighlight': False, 'isRentalWithBasePrice': False, 'zestimate': 731800, 'rentZestimate': 3569, 'listing_sub_type': {}, 'priceReduction': '$100 (Sep 18)', 'isUnmappable': False, 'isPreforeclosureAuction': False, 'homeStatusForHDP': 'FOR_RENT', 'priceForHDP': 3250.0, 'priceChange': -100, 'isNonOwnerOccupied': True, 'isPremierBuilder': False, 'isZillowOwned': False, 'currency': 'USD', 'country': 'USA', 'taxAssessedValue': 483032.0, 'lotAreaValue': 5349.0, 'lotAreaUnit': 'sqft'}}",ForRent,For Rent,False,False,2022-09-18 00:00:00
45,33.112816--96.63523,,"$1,950+/mo","{'latitude': 33.112816, 'longitude': -96.63523}",3.0,2.0,1791.0,https://photos.zillowstatic.com/fp/bd429d5c3bd435f53397d5a0c411978d-p_e.jpg,True,f9y1skfbeas5,True,2.0,,True,"800 Saddle Horn Way, Royse City, TX",{},,FOR_RENT,For Rent,,False,"/b/Royse-City-TX/33.112816,-96.63523_ll/",False,False,False,,,,,,,,,,,,,,
46,,,"$3,300/mo","{'latitude': 33.11552, 'longitude': -96.62202}",,,,https://photos.zillowstatic.com/fp/9509635f2f5f7dcb6483f77ffcadc3df-p_e.jpg,True,,False,,,,--,"{'type': 'TIME_ON_INFO', 'text': '54 days ago', 'data': {'isFresh': False}}",,FOR_RENT,House for rent,,False,/homedetails/1806-Caprock-Rd-Allen-TX-75002/69650143_zpid/,False,False,,69650143,$3.3K,4.0,4.0,3334.0,False,False,False,"{'homeInfo': {'zpid': 69650143, 'zipcode': '75002', 'city': 'Allen', 'state': 'TX', 'latitude': 33.11552, 'longitude': -96.62202, 'price': 3300.0, 'datePriceChanged': 1663225200000, 'bathrooms': 4.0, 'bedrooms': 4.0, 'livingArea': 3334.0, 'homeType': 'SINGLE_FAMILY', 'homeStatus': 'FOR_RENT', 'daysOnZillow': -1, 'isFeatured': False, 'shouldHighlight': False, 'isRentalWithBasePrice': False, 'zestimate': 705800, 'rentZestimate': 3428, 'listing_sub_type': {}, 'priceReduction': '$200 (Sep 15)', 'isUnmappable': False, 'isPreforeclosureAuction': False, 'homeStatusForHDP': 'FOR_RENT', 'priceForHDP': 3300.0, 'priceChange': -200, 'isNonOwnerOccupied': True, 'isPremierBuilder': False, 'isZillowOwned': False, 'currency': 'USD', 'country': 'USA', 'taxAssessedValue': 404067.0, 'lotAreaValue': 7840.0, 'lotAreaUnit': 'sqft'}}",ForRent,For Rent,False,False,
47,,,"$2,500/mo","{'latitude': 33.093334, 'longitude': -96.64015}",,,,https://photos.zillowstatic.com/fp/f5f4152e429395529d18cbec66825d39-p_e.jpg,True,,True,,,,--,"{'type': '3D_HOME', 'text': '3D Tour'}",,FOR_RENT,House for rent,,False,/homedetails/712-Bluebonnet-Dr-Allen-TX-75002/26633297_zpid/,True,False,,26633297,$2.5K,3.0,2.0,1521.0,False,False,False,"{'homeInfo': {'zpid': 26633297, 'zipcode': '75002', 'city': 'Allen', 'state': 'TX', 'latitude': 33.093334, 'longitude': -96.64015, 'price': 2500.0, 'datePriceChanged': 1663916400000, 'bathrooms': 2.0, 'bedrooms': 3.0, 'livingArea': 1521.0, 'homeType': 'SINGLE_FAMILY', 'homeStatus': 'FOR_RENT', 'daysOnZillow': -1, 'isFeatured': True, 'shouldHighlight': False, 'isRentalWithBasePrice': False, 'zestimate': 358400, 'rentZestimate': 2197, 'listing_sub_type': {}, 'priceReduction': '$100 (Sep 23)', 'isUnmappable': False, 'isPreforeclosureAuction': False, 'homeStatusForHDP': 'FOR_RENT', 'priceForHDP': 2500.0, 'priceChange': -100, 'isNonOwnerOccupied': True, 'isPremierBuilder': False, 'isZillowOwned': False, 'currency': 'USD', 'country': 'USA', 'taxAssessedValue': 242860.0, 'lotAreaValue': 7405.0, 'lotAreaUnit': 'sqft'}}",ForRent,For Rent,False,False,2022-09-09 00:00:00
48,,,"$2,495/mo","{'latitude': 33.098003, 'longitude': -96.62901}",,,,https://photos.zillowstatic.com/fp/69465430b554d7a97460e02198b1e1c2-p_e.jpg,True,,True,,,,--,"{'type': '3D_HOME', 'text': '3D Tour'}",,FOR_RENT,House for rent,,False,/homedetails/208-S-Malone-Rd-Allen-TX-75002/26635597_zpid/,True,False,,26635597,$2.5K,3.0,2.0,1439.0,False,False,False,"{'homeInfo': {'zpid': 26635597, 'zipcode': '75002', 'city': 'Allen', 'state': 'TX', 'latitude': 33.098003, 'longitude': -96.62901, 'price': 2495.0, 'datePriceChanged': 1663830000000, 'bathrooms': 2.0, 'bedrooms': 3.0, 'livingArea': 1439.0, 'homeType': 'SINGLE_FAMILY', 'homeStatus': 'FOR_RENT', 'daysOnZillow': -1, 'isFeatured': True, 'shouldHighlight': False, 'isRentalWithBasePrice': False, 'zestimate': 365600, 'rentZestimate': 2099, 'listing_sub_type': {}, 'priceReduction': '$30 (Sep 22)', 'isUnmappable': False, 'isPreforeclosureAuction': False, 'homeStatusForHDP': 'FOR_RENT', 'priceForHDP': 2495.0, 'priceChange': -30, 'isNonOwnerOccupied': True, 'isPremierBuilder': False, 'isZillowOwned': False, 'currency': 'USD', 'country': 'USA', 'taxAssessedValue': 238418.0, 'lotAreaValue': 8276.0, 'lotAreaUnit': 'sqft'}}",ForRent,For Rent,False,False,2022-08-30 00:00:00
49,,,"$3,900/mo","{'latitude': 33.088837, 'longitude': -96.689255}",,,,https://photos.zillowstatic.com/fp/7f86dab57a885a5617ce81bfd202a526-p_e.jpg,True,,False,,,,--,"{'type': 'TIME_ON_INFO', 'text': '73 days ago', 'data': {'isFresh': False}}",,FOR_RENT,House for rent,,False,/homedetails/1064-Joanna-Ln-Allen-TX-75013/249775588_zpid/,False,False,,249775588,$3.9K,5.0,6.0,3666.0,False,False,False,"{'homeInfo': {'zpid': 249775588, 'zipcode': '75013', 'city': 'Allen', 'state': 'TX', 'latitude': 33.088837, 'longitude': -96.689255, 'price': 3900.0, 'datePriceChanged': 1662015600000, 'bathrooms': 6.0, 'bedrooms': 5.0, 'livingArea': 3666.0, 'homeType': 'SINGLE_FAMILY', 'homeStatus': 'FOR_RENT', 'daysOnZillow': -1, 'isFeatured': False, 'shouldHighlight': False, 'isRentalWithBasePrice': False, 'zestimate': 868400, 'rentZestimate': 4663, 'listing_sub_type': {}, 'priceReduction': '$50 (Sep 1)', 'isUnmappable': False, 'isPreforeclosureAuction': False, 'homeStatusForHDP': 'FOR_RENT', 'priceForHDP': 3900.0, 'priceChange': -50, 'isNonOwnerOccupied': True, 'isPremierBuilder': False, 'isZillowOwned': False, 'currency': 'USD', 'country': 'USA', 'taxAssessedValue': 554597.0, 'lotAreaValue': 6969.0, 'lotAreaUnit': 'sqft'}}",ForRent,For Rent,False,False,2022-09-02 00:00:00
50,,,"$2,800/mo","{'latitude': 33.113453, 'longitude': -96.68534}",,,,https://photos.zillowstatic.com/fp/e57c782812f2280f0fecab18e57c3fe4-p_e.jpg,True,,False,,,,--,"{'type': 'TIME_ON_INFO', 'text': '39 days ago', 'data': {'isFresh': False}}",,FOR_RENT,House for rent,,False,/homedetails/1019-Kennedy-Dr-Allen-TX-75013/125255843_zpid/,False,False,,125255843,$2.8K,3.0,2.5,1934.0,False,False,False,"{'homeInfo': {'zpid': 125255843, 'zipcode': '75013', 'city': 'Allen', 'state': 'TX', 'latitude': 33.113453, 'longitude': -96.68534, 'price': 2800.0, 'datePriceChanged': 1663570800000, 'bathrooms': 2.5, 'bedrooms': 3.0, 'livingArea': 1934.0, 'homeType': 'SINGLE_FAMILY', 'homeStatus': 'FOR_RENT', 'daysOnZillow': -1, 'isFeatured': False, 'shouldHighlight': False, 'isRentalWithBasePrice': False, 'zestimate': 490100, 'rentZestimate': 2527, 'listing_sub_type': {}, 'priceReduction': '$50 (Sep 19)', 'isUnmappable': False, 'isPreforeclosureAuction': False, 'homeStatusForHDP': 'FOR_RENT', 'priceForHDP': 2800.0, 'priceChange': -50, 'isNonOwnerOccupied': True, 'isPremierBuilder': False, 'isZillowOwned': False, 'currency': 'USD', 'country': 'USA', 'taxAssessedValue': 337995.0}}",ForRent,For Rent,False,False,2022-10-01 00:00:00
51,,,"$2,815/mo","{'latitude': 33.077545, 'longitude': -96.67363}",,,,https://photos.zillowstatic.com/fp/259220e74d6c12d1d4515e4f6e6dbd9c-p_e.jpg,True,,True,,,,--,"{'type': 'TIME_ON_INFO', 'text': '65 days ago', 'data': {'isFresh': False}}",,FOR_RENT,House for rent,,False,/homedetails/1105-Matagorda-Dr-Allen-TX-75002/26628760_zpid/,False,False,,26628760,$2.8K,4.0,2.0,1861.0,False,False,False,"{'homeInfo': {'zpid': 26628760, 'zipcode': '75002', 'city': 'Allen', 'state': 'TX', 'latitude': 33.077545, 'longitude': -96.67363, 'price': 2815.0, 'datePriceChanged': 1661583600000, 'bathrooms': 2.0, 'bedrooms': 4.0, 'livingArea': 1861.0, 'homeType': 'SINGLE_FAMILY', 'homeStatus': 'FOR_RENT', 'daysOnZillow': -1, 'isFeatured': True, 'shouldHighlight': False, 'isRentalWithBasePrice': False, 'zestimate': 425300, 'rentZestimate': 2414, 'listing_sub_type': {}, 'priceReduction': '$150 (Aug 27)', 'isUnmappable': False, 'isPreforeclosureAuction': False, 'homeStatusForHDP': 'FOR_RENT', 'priceForHDP': 2815.0, 'priceChange': -150, 'isNonOwnerOccupied': True, 'isPremierBuilder': False, 'isZillowOwned': False, 'currency': 'USD', 'country': 'USA', 'taxAssessedValue': 280977.0, 'lotAreaValue': 9583.0, 'lotAreaUnit': 'sqft'}}",ForRent,For Rent,False,False,2022-09-19 00:00:00
52,,,"$3,395/mo","{'latitude': 33.078365, 'longitude': -96.65306}",,,,https://photos.zillowstatic.com/fp/ad9e6a2d7b2d2b339119399f3b2d2c0e-p_e.jpg,True,,True,,,,--,"{'type': 'TIME_ON_INFO', 'text': '57 days ago', 'data': {'isFresh': False}}",,FOR_RENT,House for rent,,False,/homedetails/1008-Mark-Twain-Dr-Allen-TX-75002/53092050_zpid/,False,False,,53092050,$3.4K,4.0,2.5,2462.0,False,False,False,"{'homeInfo': {'zpid': 53092050, 'zipcode': '75002', 'city': 'Allen', 'state': 'TX', 'latitude': 33.078365, 'longitude': -96.65306, 'price': 3395.0, 'datePriceChanged': 1663916400000, 'bathrooms': 2.5, 'bedrooms': 4.0, 'livingArea': 2462.0, 'homeType': 'SINGLE_FAMILY', 'homeStatus': 'FOR_RENT', 'daysOnZillow': -1, 'isFeatured': True, 'shouldHighlight': False, 'isRentalWithBasePrice': False, 'zestimate': 478500, 'rentZestimate': 2778, 'listing_sub_type': {}, 'priceReduction': '$100 (Sep 23)', 'isUnmappable': False, 'isPreforeclosureAuction': False, 'homeStatusForHDP': 'FOR_RENT', 'priceForHDP': 3395.0, 'priceChange': -100, 'isNonOwnerOccupied': True, 'isPremierBuilder': False, 'isZillowOwned': False, 'currency': 'USD', 'country': 'USA', 'taxAssessedValue': 316813.0, 'lotAreaValue': 8276.0, 'lotAreaUnit': 'sqft'}}",ForRent,For Rent,False,False,
53,,,"$2,350/mo","{'latitude': 33.076614, 'longitude': -96.65534}",,,,https://photos.zillowstatic.com/fp/98dff3be9b18d84f648185b93697543d-p_e.jpg,True,,True,,,,--,"{'type': 'TIME_ON_INFO', 'text': '100 days ago', 'data': {'isFresh': False}}",,FOR_RENT,House for rent,,False,/homedetails/1219-Aylesbury-Dr-Allen-TX-75002/26661278_zpid/,False,False,,26661278,$2.4K,3.0,2.0,1729.0,False,False,False,"{'homeInfo': {'zpid': 26661278, 'zipcode': '75002', 'city': 'Allen', 'state': 'TX', 'latitude': 33.076614, 'longitude': -96.65534, 'price': 2350.0, 'datePriceChanged': 1663657200000, 'bathrooms': 2.0, 'bedrooms': 3.0, 'livingArea': 1729.0, 'homeType': 'SINGLE_FAMILY', 'homeStatus': 'FOR_RENT', 'daysOnZillow': -1, 'isFeatured': True, 'shouldHighlight': False, 'isRentalWithBasePrice': False, 'zestimate': 405400, 'rentZestimate': 2300, 'listing_sub_type': {}, 'priceReduction': '$100 (Sep 20)', 'isUnmappable': False, 'isPreforeclosureAuction': False, 'homeStatusForHDP': 'FOR_RENT', 'priceForHDP': 2350.0, 'priceChange': -100, 'isNonOwnerOccupied': True, 'isPremierBuilder': False, 'isZillowOwned': False, 'currency': 'USD', 'country': 'USA', 'taxAssessedValue': 268410.0, 'lotAreaValue': 8886.0, 'lotAreaUnit': 'sqft'}}",ForRent,For Rent,False,False,
54,,,"$2,650/mo","{'latitude': 33.09737, 'longitude': -96.729576}",,,,https://photos.zillowstatic.com/fp/93f5fb6e991d972befd41cf11bec49af-p_e.jpg,True,,True,,,,--,"{'type': '3D_HOME', 'text': '3D Tour'}",,FOR_RENT,House for rent,,False,/homedetails/301-Parkhurst-Ln-Allen-TX-75013/53102956_zpid/,True,False,,53102956,$2.6K,4.0,2.0,2030.0,False,False,False,"{'homeInfo': {'zpid': 53102956, 'zipcode': '75013', 'city': 'Allen', 'state': 'TX', 'latitude': 33.09737, 'longitude': -96.729576, 'price': 2650.0, 'datePriceChanged': 1663138800000, 'bathrooms': 2.0, 'bedrooms': 4.0, 'livingArea': 2030.0, 'homeType': 'SINGLE_FAMILY', 'homeStatus': 'FOR_RENT', 'daysOnZillow': -1, 'isFeatured': True, 'shouldHighlight': False, 'isRentalWithBasePrice': False, 'zestimate': 445700, 'rentZestimate': 2509, 'listing_sub_type': {}, 'priceReduction': '$145 (Sep 14)', 'isUnmappable': False, 'isPreforeclosureAuction': False, 'homeStatusForHDP': 'FOR_RENT', 'priceForHDP': 2650.0, 'priceChange': -145, 'isNonOwnerOccupied': True, 'isPremierBuilder': False, 'isZillowOwned': False, 'currency': 'USD', 'country': 'USA', 'taxAssessedValue': 282116.0, 'lotAreaValue': 6098.0, 'lotAreaUnit': 'sqft'}}",ForRent,For Rent,False,False,
55,,,"$3,300/mo","{'latitude': 33.087105, 'longitude': -96.71789}",,,,https://photos.zillowstatic.com/fp/6ca76865e4614510e94d61de03507406-p_e.jpg,True,,True,,,,--,"{'type': 'TIME_ON_INFO', 'text': '159 days ago', 'data': {'isFresh': False}}",,FOR_RENT,House for rent,,False,/homedetails/703-Villanova-Ct-Allen-TX-75013/26665911_zpid/,False,False,,26665911,$3.3K,5.0,3.0,2951.0,False,False,False,"{'homeInfo': {'zpid': 26665911, 'zipcode': '75013', 'city': 'Allen', 'state': 'TX', 'latitude': 33.087105, 'longitude': -96.71789, 'price': 3300.0, 'datePriceChanged': 1653289200000, 'bathrooms': 3.0, 'bedrooms': 5.0, 'livingArea': 2951.0, 'homeType': 'SINGLE_FAMILY', 'homeStatus': 'FOR_RENT', 'daysOnZillow': -1, 'isFeatured': True, 'shouldHighlight': False, 'isRentalWithBasePrice': False, 'zestimate': 616000, 'rentZestimate': 3229, 'listing_sub_type': {}, 'priceReduction': '', 'isUnmappable': False, 'isPreforeclosureAuction': False, 'homeStatusForHDP': 'FOR_RENT', 'priceForHDP': 3300.0, 'priceChange': -150, 'isNonOwnerOccupied': True, 'isPremierBuilder': False, 'isZillowOwned': False, 'currency': 'USD', 'country': 'USA', 'taxAssessedValue': 403829.0, 'lotAreaValue': 7840.0, 'lotAreaUnit': 'sqft'}}",ForRent,For Rent,False,False,
56,,,"$2,050/mo","{'latitude': 33.09433, 'longitude': -96.63426}",,,,https://photos.zillowstatic.com/fp/38ff6b4a67c35832574c7db628d39c2b-p_e.jpg,True,,False,,,,--,"{'type': 'TIME_ON_INFO', 'text': '13 hours ago', 'data': {'isFresh': True}}",,FOR_RENT,House for rent,,False,/homedetails/505-Flameleaf-Dr-Allen-TX-75002/26639311_zpid/,False,False,,26639311,$2.0K,3.0,2.0,1521.0,False,False,False,"{'homeInfo': {'zpid': 26639311, 'zipcode': '75002', 'city': 'Allen', 'state': 'TX', 'latitude': 33.09433, 'longitude': -96.63426, 'price': 2050.0, 'bathrooms': 2.0, 'bedrooms': 3.0, 'livingArea': 1521.0, 'homeType': 'SINGLE_FAMILY', 'homeStatus': 'FOR_RENT', 'daysOnZillow': -1, 'isFeatured': False, 'shouldHighlight': False, 'isRentalWithBasePrice': False, 'zestimate': 360500, 'rentZestimate': 2199, 'listing_sub_type': {}, 'isUnmappable': False, 'isPreforeclosureAuction': False, 'homeStatusForHDP': 'FOR_RENT', 'priceForHDP': 2050.0, 'isNonOwnerOccupied': True, 'isPremierBuilder': False, 'isZillowOwned': False, 'currency': 'USD', 'country': 'USA', 'taxAssessedValue': 236820.0, 'lotAreaValue': 7840.0, 'lotAreaUnit': 'sqft'}}",ForRent,For Rent,False,False,2022-11-10 00:00:00
57,,,"$4,500/mo","{'latitude': 33.12834, 'longitude': -96.680664}",,,,https://photos.zillowstatic.com/fp/42751ae3fc9c13a223fa7f88b27ee532-p_e.jpg,True,,False,,,,--,"{'type': 'TIME_ON_INFO', 'text': '1 day ago', 'data': {'isFresh': False}}",,FOR_RENT,House for rent,,False,/homedetails/1923-Natchez-Trce-Allen-TX-75013/65368041_zpid/,False,False,,65368041,$4.5K,5.0,4.0,4640.0,False,False,False,"{'homeInfo': {'zpid': 65368041, 'zipcode': '75013', 'city': 'Allen', 'state': 'TX', 'latitude': 33.12834, 'longitude': -96.680664, 'price': 4500.0, 'bathrooms': 4.0, 'bedrooms': 5.0, 'livingArea': 4640.0, 'homeType': 'SINGLE_FAMILY', 'homeStatus': 'FOR_RENT', 'daysOnZillow': -1, 'isFeatured': False, 'shouldHighlight': False, 'isRentalWithBasePrice': False, 'zestimate': 809500, 'rentZestimate': 4352, 'listing_sub_type': {}, 'isUnmappable': False, 'isPreforeclosureAuction': False, 'homeStatusForHDP': 'FOR_RENT', 'priceForHDP': 4500.0, 'isNonOwnerOccupied': True, 'isPremierBuilder': False, 'isZillowOwned': False, 'currency': 'USD', 'country': 'USA', 'taxAssessedValue': 520028.0, 'lotAreaValue': 0.2799816345270891, 'lotAreaUnit': 'acres'}}",ForRent,For Rent,False,False,
58,,,"$6,995/mo","{'latitude': 33.110107, 'longitude': -96.63436}",,,,https://photos.zillowstatic.com/fp/7c38da802607ae076a1134c44944dfc0-p_e.jpg,True,,False,,,,--,"{'type': 'TIME_ON_INFO', 'text': '16 days ago', 'data': {'isFresh': False}}",,FOR_RENT,House for rent,,False,/homedetails/1416-Country-Ln-Allen-TX-75002/26630211_zpid/,False,False,,26630211,$7.0K,3.0,2.0,2040.0,False,False,False,"{'homeInfo': {'zpid': 26630211, 'zipcode': '75002', 'city': 'Allen', 'state': 'TX', 'latitude': 33.110107, 'longitude': -96.63436, 'price': 6995.0, 'bathrooms': 2.0, 'bedrooms': 3.0, 'livingArea': 2040.0, 'homeType': 'SINGLE_FAMILY', 'homeStatus': 'FOR_RENT', 'daysOnZillow': -1, 'isFeatured': False, 'shouldHighlight': False, 'isRentalWithBasePrice': False, 'zestimate': 397000, 'rentZestimate': 2562, 'listing_sub_type': {}, 'isUnmappable': False, 'isPreforeclosureAuction': False, 'homeStatusForHDP': 'FOR_RENT', 'priceForHDP': 6995.0, 'isNonOwnerOccupied': True, 'isPremierBuilder': False, 'isZillowOwned': False, 'currency': 'USD', 'country': 'USA', 'taxAssessedValue': 284648.0}}",ForRent,For Rent,False,False,2022-09-08 00:00:00
59,,,"$2,500/mo","{'latitude': 33.083942, 'longitude': -96.62528}",,,,https://photos.zillowstatic.com/fp/f16709aa4c455b0a722aa77537fde4f2-p_e.jpg,True,,False,,,,--,"{'type': 'TIME_ON_INFO', 'text': '4 days ago', 'data': {'isFresh': False}}",,FOR_RENT,House for rent,,False,/homedetails/1716-Mapleleaf-Falls-Dr-Allen-TX-75002/26672145_zpid/,False,False,,26672145,$2.5K,3.0,2.5,2043.0,False,False,False,"{'homeInfo': {'zpid': 26672145, 'zipcode': '75002', 'city': 'Allen', 'state': 'TX', 'latitude': 33.083942, 'longitude': -96.62528, 'price': 2500.0, 'bathrooms': 2.5, 'bedrooms': 3.0, 'livingArea': 2043.0, 'homeType': 'SINGLE_FAMILY', 'homeStatus': 'FOR_RENT', 'daysOnZillow': -1, 'isFeatured': False, 'shouldHighlight': False, 'isRentalWithBasePrice': False, 'zestimate': 393400, 'rentZestimate': 2558, 'listing_sub_type': {}, 'isUnmappable': False, 'isPreforeclosureAuction': False, 'homeStatusForHDP': 'FOR_RENT', 'priceForHDP': 2500.0, 'isNonOwnerOccupied': True, 'isPremierBuilder': False, 'isZillowOwned': False, 'currency': 'USD', 'country': 'USA', 'taxAssessedValue': 146646.0}}",ForRent,For Rent,False,False,2022-09-20 00:00:00
60,,,"$7,995/mo","{'latitude': 33.076523, 'longitude': -96.66665}",,,,https://photos.zillowstatic.com/fp/9d17ac894eaa047bea8cfa92b1c2de23-p_e.jpg,True,,False,,,,--,"{'type': 'TIME_ON_INFO', 'text': '17 days ago', 'data': {'isFresh': False}}",,FOR_RENT,House for rent,,False,/homedetails/619-Lakewood-Dr-Allen-TX-75002/26649939_zpid/,False,False,,26649939,$8.0K,3.0,2.5,2046.0,False,False,False,"{'homeInfo': {'zpid': 26649939, 'zipcode': '75002', 'city': 'Allen', 'state': 'TX', 'latitude': 33.076523, 'longitude': -96.66665, 'price': 7995.0, 'bathrooms': 2.5, 'bedrooms': 3.0, 'livingArea': 2046.0, 'homeType': 'SINGLE_FAMILY', 'homeStatus': 'FOR_RENT', 'daysOnZillow': -1, 'isFeatured': False, 'shouldHighlight': False, 'isRentalWithBasePrice': False, 'zestimate': 416800, 'rentZestimate': 2614, 'listing_sub_type': {}, 'isUnmappable': False, 'isPreforeclosureAuction': False, 'homeStatusForHDP': 'FOR_RENT', 'priceForHDP': 7995.0, 'isNonOwnerOccupied': True, 'isPremierBuilder': False, 'isZillowOwned': False, 'currency': 'USD', 'country': 'USA', 'taxAssessedValue': 282655.0, 'lotAreaValue': 8276.0, 'lotAreaUnit': 'sqft'}}",ForRent,For Rent,False,False,2022-09-07 00:00:00
61,,,"$2,999/mo","{'latitude': 33.084393, 'longitude': -96.625114}",,,,https://photos.zillowstatic.com/fp/99e93c972ea681ea34258a5544622f34-p_e.jpg,True,,False,,,,--,"{'type': 'TIME_ON_INFO', 'text': '12 days ago', 'data': {'isFresh': False}}",,FOR_RENT,House for rent,,False,/homedetails/1715-Mapleleaf-Falls-Dr-Allen-TX-75002/26672082_zpid/,False,False,,26672082,$3.0K,4.0,3.0,2676.0,False,False,False,"{'homeInfo': {'zpid': 26672082, 'zipcode': '75002', 'city': 'Allen', 'state': 'TX', 'latitude': 33.084393, 'longitude': -96.625114, 'price': 2999.0, 'datePriceChanged': 1663743600000, 'bathrooms': 3.0, 'bedrooms': 4.0, 'livingArea': 2676.0, 'homeType': 'SINGLE_FAMILY', 'homeStatus': 'FOR_RENT', 'daysOnZillow': -1, 'isFeatured': False, 'shouldHighlight': False, 'isRentalWithBasePrice': False, 'zestimate': 470900, 'rentZestimate': 2799, 'listing_sub_type': {}, 'priceReduction': '$201 (Sep 21)', 'isUnmappable': False, 'isPreforeclosureAuction': False, 'homeStatusForHDP': 'FOR_RENT', 'priceForHDP': 2999.0, 'priceChange': -201, 'isNonOwnerOccupied': True, 'isPremierBuilder': False, 'isZillowOwned': False, 'currency': 'USD', 'country': 'USA', 'taxAssessedValue': 319598.0}}",ForRent,For Rent,False,False,2022-10-15 00:00:00
62,,,"$3,385/mo","{'latitude': 33.121483, 'longitude': -96.64477}",,,,https://photos.zillowstatic.com/fp/bd9b2d00c3aa7e63111de9f14f45a250-p_e.jpg,True,,True,,,,--,"{'type': 'TIME_ON_INFO', 'text': '11 days ago', 'data': {'isFresh': False}}",,FOR_RENT,House for rent,,False,/homedetails/1717-Terrell-Dr-Allen-TX-75002/83755940_zpid/,False,False,,83755940,$3.4K,4.0,2.5,3035.0,False,False,False,"{'homeInfo': {'zpid': 83755940, 'zipcode': '75002', 'city': 'Allen', 'state': 'TX', 'latitude': 33.121483, 'longitude': -96.64477, 'price': 3385.0, 'datePriceChanged': 1664089200000, 'bathrooms': 2.5, 'bedrooms': 4.0, 'livingArea': 3035.0, 'homeType': 'SINGLE_FAMILY', 'homeStatus': 'FOR_RENT', 'daysOnZillow': -1, 'isFeatured': True, 'shouldHighlight': False, 'isRentalWithBasePrice': False, 'rentZestimate': 2995, 'listing_sub_type': {}, 'isUnmappable': False, 'isPreforeclosureAuction': False, 'homeStatusForHDP': 'FOR_RENT', 'priceForHDP': 3385.0, 'priceChange': 5, 'isNonOwnerOccupied': True, 'isPremierBuilder': False, 'isZillowOwned': False, 'currency': 'USD', 'country': 'USA', 'taxAssessedValue': 132145.0, 'lotAreaValue': 6969.0, 'lotAreaUnit': 'sqft'}}",ForRent,For Rent,False,False,2022-10-02 00:00:00
63,,,"$2,750/mo","{'latitude': 33.12867, 'longitude': -96.66883}",,,,https://photos.zillowstatic.com/fp/c601e348ab67d654577f1b62f0b7c474-p_e.jpg,True,,False,,,,--,"{'type': 'TIME_ON_INFO', 'text': '18 days ago', 'data': {'isFresh': False}}",,FOR_RENT,Townhouse for rent,,False,/homedetails/1959-McClane-Dr-Allen-TX-75013/337787962_zpid/,False,False,,337787962,$2.8K,3.0,2.5,1886.0,False,False,False,"{'homeInfo': {'zpid': 337787962, 'zipcode': '75013', 'city': 'Allen', 'state': 'TX', 'latitude': 33.12867, 'longitude': -96.66883, 'price': 2750.0, 'datePriceChanged': 1663657200000, 'bathrooms': 2.5, 'bedrooms': 3.0, 'livingArea': 1886.0, 'homeType': 'TOWNHOUSE', 'homeStatus': 'FOR_RENT', 'daysOnZillow': -1, 'isFeatured': False, 'shouldHighlight': False, 'isRentalWithBasePrice': False, 'zestimate': 419900, 'rentZestimate': 2549, 'listing_sub_type': {}, 'priceReduction': '$245 (Sep 20)', 'isUnmappable': False, 'isPreforeclosureAuction': False, 'homeStatusForHDP': 'FOR_RENT', 'priceForHDP': 2750.0, 'priceChange': -245, 'isNonOwnerOccupied': True, 'isPremierBuilder': False, 'isZillowOwned': False, 'currency': 'USD', 'country': 'USA', 'taxAssessedValue': 60060.0, 'lotAreaValue': 2265.0, 'lotAreaUnit': 'sqft'}}",ForRent,For Rent,False,False,2022-09-06 00:00:00
64,,,"$3,950/mo","{'latitude': 33.131145, 'longitude': -96.66754}",,,,https://photos.zillowstatic.com/fp/a0298dc984068836aba44cf64d6e608c-p_e.jpg,True,,False,,,,--,"{'type': 'TIME_ON_INFO', 'text': '85 days ago', 'data': {'isFresh': False}}",,FOR_RENT,House for rent,,False,/homedetails/861-Blackwood-Dr-Allen-TX-75013/89526443_zpid/,False,False,,89526443,$4.0K,5.0,4.0,3588.0,False,False,False,"{'homeInfo': {'zpid': 89526443, 'zipcode': '75013', 'city': 'Allen', 'state': 'TX', 'latitude': 33.131145, 'longitude': -96.66754, 'price': 3950.0, 'datePriceChanged': 1663657200000, 'bathrooms': 4.0, 'bedrooms': 5.0, 'livingArea': 3588.0, 'homeType': 'SINGLE_FAMILY', 'homeStatus': 'FOR_RENT', 'daysOnZillow': -1, 'isFeatured': False, 'shouldHighlight': False, 'isRentalWithBasePrice': False, 'zestimate': 817500, 'rentZestimate': 4135, 'listing_sub_type': {}, 'priceReduction': '$200 (Sep 20)', 'isUnmappable': False, 'isPreforeclosureAuction': False, 'homeStatusForHDP': 'FOR_RENT', 'priceForHDP': 3950.0, 'priceChange': -200, 'isNonOwnerOccupied': True, 'isPremierBuilder': False, 'isZillowOwned': False, 'currency': 'USD', 'country': 'USA', 'taxAssessedValue': 500000.0}}",ForRent,For Rent,False,False,2022-08-31 00:00:00
65,,,"$2,800/mo","{'latitude': 33.12186, 'longitude': -96.67515}",,,,https://photos.zillowstatic.com/fp/406d27125d4654fdb400ac9304048e51-p_e.jpg,True,,False,,,,--,"{'type': 'TIME_ON_INFO', 'text': '5 days ago', 'data': {'isFresh': False}}",,FOR_RENT,House for rent,,False,/homedetails/923-Cougar-Dr-Allen-TX-75013/65375004_zpid/,False,False,,65375004,$2.8K,4.0,2.0,2259.0,False,False,False,"{'homeInfo': {'zpid': 65375004, 'zipcode': '75013', 'city': 'Allen', 'state': 'TX', 'latitude': 33.12186, 'longitude': -96.67515, 'price': 2800.0, 'bathrooms': 2.0, 'bedrooms': 4.0, 'livingArea': 2259.0, 'homeType': 'SINGLE_FAMILY', 'homeStatus': 'FOR_RENT', 'daysOnZillow': -1, 'isFeatured': False, 'shouldHighlight': False, 'isRentalWithBasePrice': False, 'zestimate': 540700, 'rentZestimate': 2828, 'listing_sub_type': {}, 'isUnmappable': False, 'isPreforeclosureAuction': False, 'homeStatusForHDP': 'FOR_RENT', 'priceForHDP': 2800.0, 'isNonOwnerOccupied': True, 'isPremierBuilder': False, 'isZillowOwned': False, 'currency': 'USD', 'country': 'USA', 'taxAssessedValue': 355905.0}}",ForRent,For Rent,False,False,2022-09-20 00:00:00
66,,,"$2,690/mo","{'latitude': 33.10107, 'longitude': -96.69349}",,,,https://photos.zillowstatic.com/fp/0bc5e17e97af542ca92fb1244d2a66c1-p_e.jpg,True,,False,,,,--,"{'type': 'TIME_ON_INFO', 'text': '15 days ago', 'data': {'isFresh': False}}",,FOR_RENT,Townhouse for rent,,False,/homedetails/1165-Sophia-St-Allen-TX-75013/83732681_zpid/,False,False,,83732681,$2.7K,3.0,2.5,1939.0,False,False,False,"{'homeInfo': {'zpid': 83732681, 'zipcode': '75013', 'city': 'Allen', 'state': 'TX', 'latitude': 33.10107, 'longitude': -96.69349, 'price': 2690.0, 'bathrooms': 2.5, 'bedrooms': 3.0, 'livingArea': 1939.0, 'homeType': 'TOWNHOUSE', 'homeStatus': 'FOR_RENT', 'daysOnZillow': -1, 'isFeatured': False, 'shouldHighlight': False, 'isRentalWithBasePrice': False, 'zestimate': 410300, 'rentZestimate': 2499, 'listing_sub_type': {}, 'isUnmappable': False, 'isPreforeclosureAuction': False, 'homeStatusForHDP': 'FOR_RENT', 'priceForHDP': 2690.0, 'isNonOwnerOccupied': True, 'isPremierBuilder': False, 'isZillowOwned': False, 'currency': 'USD', 'country': 'USA', 'taxAssessedValue': 267643.0, 'lotAreaValue': 2613.0, 'lotAreaUnit': 'sqft'}}",ForRent,For Rent,False,False,2022-09-09 00:00:00
67,,,"$2,400/mo","{'latitude': 33.08982, 'longitude': -96.62764}",,,,https://photos.zillowstatic.com/fp/fb673fd27413dbc0d3e41991f5799bb0-p_e.jpg,True,,False,,,,--,"{'type': 'TIME_ON_INFO', 'text': '11 days ago', 'data': {'isFresh': False}}",,FOR_RENT,House for rent,,False,/homedetails/1610-Balboa-Ln-Allen-TX-75002/83750570_zpid/,False,False,,83750570,$2.4K,3.0,2.0,1689.0,False,False,False,"{'homeInfo': {'zpid': 83750570, 'zipcode': '75002', 'city': 'Allen', 'state': 'TX', 'latitude': 33.08982, 'longitude': -96.62764, 'price': 2400.0, 'datePriceChanged': 1664002800000, 'bathrooms': 2.0, 'bedrooms': 3.0, 'livingArea': 1689.0, 'homeType': 'SINGLE_FAMILY', 'homeStatus': 'FOR_RENT', 'daysOnZillow': -1, 'isFeatured': False, 'shouldHighlight': False, 'isRentalWithBasePrice': False, 'zestimate': 406300, 'rentZestimate': 2196, 'listing_sub_type': {}, 'priceReduction': '$50 (Sep 24)', 'isUnmappable': False, 'isPreforeclosureAuction': False, 'homeStatusForHDP': 'FOR_RENT', 'priceForHDP': 2400.0, 'priceChange': -50, 'isNonOwnerOccupied': True, 'isPremierBuilder': False, 'isZillowOwned': False, 'currency': 'USD', 'country': 'USA', 'taxAssessedValue': 256910.0, 'lotAreaValue': 7405.0, 'lotAreaUnit': 'sqft'}}",ForRent,For Rent,False,False,2022-09-13 00:00:00
68,,,"$3,500/mo","{'latitude': 33.081264, 'longitude': -96.68879}",,,,https://photos.zillowstatic.com/fp/8a19c07ec83a0671cabbd75bdc63340d-p_e.jpg,True,,False,,,,--,"{'type': 'TIME_ON_INFO', 'text': '19 days ago', 'data': {'isFresh': False}}",,FOR_RENT,House for rent,,False,/homedetails/1026-Billy-Ln-Allen-TX-75013/250909761_zpid/,False,False,,250909761,$3.5K,3.0,2.5,2407.0,False,False,False,"{'homeInfo': {'zpid': 250909761, 'zipcode': '75013', 'city': 'Allen', 'state': 'TX', 'latitude': 33.081264, 'longitude': -96.68879, 'price': 3500.0, 'bathrooms': 2.5, 'bedrooms': 3.0, 'livingArea': 2407.0, 'homeType': 'SINGLE_FAMILY', 'homeStatus': 'FOR_RENT', 'daysOnZillow': -1, 'isFeatured': False, 'shouldHighlight': False, 'isRentalWithBasePrice': False, 'zestimate': 582800, 'rentZestimate': 3199, 'listing_sub_type': {}, 'isUnmappable': False, 'isPreforeclosureAuction': False, 'homeStatusForHDP': 'FOR_RENT', 'priceForHDP': 3500.0, 'isNonOwnerOccupied': True, 'isPremierBuilder': False, 'isZillowOwned': False, 'currency': 'USD', 'country': 'USA', 'taxAssessedValue': 341976.0, 'lotAreaValue': 5488.0, 'lotAreaUnit': 'sqft'}}",ForRent,For Rent,False,False,2022-11-04 00:00:00
69,,,"$2,400/mo","{'latitude': 33.1037, 'longitude': -96.63197}",,,,https://photos.zillowstatic.com/fp/a4234b6dddf2e79da974b9a25ac3bf53-p_e.jpg,True,,False,,,,--,"{'type': 'TIME_ON_INFO', 'text': '25 days ago', 'data': {'isFresh': False}}",,FOR_RENT,House for rent,,False,/homedetails/313-Trailwood-Dr-Allen-TX-75002/26664100_zpid/,False,False,,26664100,$2.4K,4.0,2.0,2329.0,False,False,False,"{'homeInfo': {'zpid': 26664100, 'zipcode': '75002', 'city': 'Allen', 'state': 'TX', 'latitude': 33.1037, 'longitude': -96.63197, 'price': 2400.0, 'datePriceChanged': 1663830000000, 'bathrooms': 2.0, 'bedrooms': 4.0, 'livingArea': 2329.0, 'homeType': 'SINGLE_FAMILY', 'homeStatus': 'FOR_RENT', 'daysOnZillow': -1, 'isFeatured': False, 'shouldHighlight': False, 'isRentalWithBasePrice': False, 'zestimate': 442600, 'rentZestimate': 2728, 'listing_sub_type': {}, 'priceReduction': '$100 (Sep 22)', 'isUnmappable': False, 'isPreforeclosureAuction': False, 'homeStatusForHDP': 'FOR_RENT', 'priceForHDP': 2400.0, 'priceChange': -100, 'isNonOwnerOccupied': True, 'isPremierBuilder': False, 'isZillowOwned': False, 'currency': 'USD', 'country': 'USA', 'taxAssessedValue': 290642.0, 'lotAreaValue': 5662.0, 'lotAreaUnit': 'sqft'}}",ForRent,For Rent,False,False,2022-09-26 00:00:00
70,,,"$3,695/mo","{'latitude': 33.089146, 'longitude': -96.689705}",,,,https://photos.zillowstatic.com/fp/a55a845a24797a92a4488a35321404d6-p_e.jpg,True,,False,,,,--,"{'type': 'TIME_ON_INFO', 'text': '6 days ago', 'data': {'isFresh': False}}",,FOR_RENT,House for rent,,False,/homedetails/1073-Sarah-St-Allen-TX-75013/249776579_zpid/,False,False,,249776579,$3.7K,4.0,3.0,2573.0,False,False,False,"{'homeInfo': {'zpid': 249776579, 'zipcode': '75013', 'city': 'Allen', 'state': 'TX', 'latitude': 33.089146, 'longitude': -96.689705, 'price': 3695.0, 'datePriceChanged': 1664089200000, 'bathrooms': 3.0, 'bedrooms': 4.0, 'livingArea': 2573.0, 'homeType': 'SINGLE_FAMILY', 'homeStatus': 'FOR_RENT', 'daysOnZillow': -1, 'isFeatured': False, 'shouldHighlight': False, 'isRentalWithBasePrice': False, 'zestimate': 552500, 'rentZestimate': 2498, 'listing_sub_type': {}, 'priceReduction': '$300 (Sep 25)', 'isUnmappable': False, 'isPreforeclosureAuction': False, 'homeStatusForHDP': 'FOR_RENT', 'priceForHDP': 3695.0, 'priceChange': -300, 'isNonOwnerOccupied': True, 'isPremierBuilder': False, 'isZillowOwned': False, 'currency': 'USD', 'country': 'USA', 'taxAssessedValue': 74115.0, 'lotAreaValue': 6682.0, 'lotAreaUnit': 'sqft'}}",ForRent,For Rent,False,False,2022-10-01 00:00:00
71,,,"$2,850/mo","{'latitude': 33.08313, 'longitude': -96.62172}",,,,https://photos.zillowstatic.com/fp/c17a1f7bf6f1865d8c85342b121876f9-p_e.jpg,True,,False,,,,--,"{'type': 'TIME_ON_INFO', 'text': '12 days ago', 'data': {'isFresh': False}}",,FOR_RENT,House for rent,,False,/homedetails/1824-Crabapple-Ct-Allen-TX-75002/53124152_zpid/,False,False,,53124152,$2.8K,4.0,2.5,2850.0,False,False,False,"{'homeInfo': {'zpid': 53124152, 'zipcode': '75002', 'city': 'Allen', 'state': 'TX', 'latitude': 33.08313, 'longitude': -96.62172, 'price': 2850.0, 'bathrooms': 2.5, 'bedrooms': 4.0, 'livingArea': 2850.0, 'homeType': 'SINGLE_FAMILY', 'homeStatus': 'FOR_RENT', 'daysOnZillow': -1, 'isFeatured': False, 'shouldHighlight': False, 'isRentalWithBasePrice': False, 'zestimate': 518600, 'rentZestimate': 2822, 'listing_sub_type': {}, 'isUnmappable': False, 'isPreforeclosureAuction': False, 'homeStatusForHDP': 'FOR_RENT', 'priceForHDP': 2850.0, 'isNonOwnerOccupied': True, 'isPremierBuilder': False, 'isZillowOwned': False, 'currency': 'USD', 'country': 'USA', 'taxAssessedValue': 342331.0}}",ForRent,For Rent,False,False,2022-09-13 00:00:00
72,,,"$3,195/mo","{'latitude': 33.121574, 'longitude': -96.722664}",,,,https://photos.zillowstatic.com/fp/a1f61e7bcf1fa3b717d76323ce5bd772-p_e.jpg,True,,False,,,,--,"{'type': 'TIME_ON_INFO', 'text': '27 days ago', 'data': {'isFresh': False}}",,FOR_RENT,House for rent,,False,/homedetails/1904-Kirby-Ln-Allen-TX-75013/83729569_zpid/,False,False,,83729569,$3.2K,5.0,4.0,3267.0,False,False,False,"{'homeInfo': {'zpid': 83729569, 'zipcode': '75013', 'city': 'Allen', 'state': 'TX', 'latitude': 33.121574, 'longitude': -96.722664, 'price': 3195.0, 'bathrooms': 4.0, 'bedrooms': 5.0, 'livingArea': 3267.0, 'homeType': 'SINGLE_FAMILY', 'homeStatus': 'FOR_RENT', 'daysOnZillow': -1, 'isFeatured': False, 'shouldHighlight': False, 'isRentalWithBasePrice': False, 'zestimate': 647900, 'rentZestimate': 3280, 'listing_sub_type': {}, 'isUnmappable': False, 'isPreforeclosureAuction': False, 'homeStatusForHDP': 'FOR_RENT', 'priceForHDP': 3195.0, 'isNonOwnerOccupied': True, 'isPremierBuilder': False, 'isZillowOwned': False, 'currency': 'USD', 'country': 'USA', 'taxAssessedValue': 429961.0, 'lotAreaValue': 6098.0, 'lotAreaUnit': 'sqft'}}",ForRent,For Rent,False,False,2022-09-16 00:00:00
73,,,"$4,600/mo","{'latitude': 33.120995, 'longitude': -96.69471}",,,,https://photos.zillowstatic.com/fp/3478965d3ad44e9801f66a455b040911-p_e.jpg,True,,False,,,,--,"{'type': 'TIME_ON_INFO', 'text': '6 days ago', 'data': {'isFresh': False}}",,FOR_RENT,House for rent,,False,/homedetails/1408-Rio-Grande-Dr-Allen-TX-75013/60312240_zpid/,False,False,,60312240,$4.6K,4.0,4.0,4197.0,False,False,False,"{'homeInfo': {'zpid': 60312240, 'zipcode': '75013', 'city': 'Allen', 'state': 'TX', 'latitude': 33.120995, 'longitude': -96.69471, 'price': 4600.0, 'bathrooms': 4.0, 'bedrooms': 4.0, 'livingArea': 4197.0, 'homeType': 'SINGLE_FAMILY', 'homeStatus': 'FOR_RENT', 'daysOnZillow': -1, 'isFeatured': False, 'shouldHighlight': False, 'isRentalWithBasePrice': False, 'zestimate': 742700, 'rentZestimate': 3829, 'listing_sub_type': {}, 'isUnmappable': False, 'isPreforeclosureAuction': False, 'homeStatusForHDP': 'FOR_RENT', 'priceForHDP': 4600.0, 'isNonOwnerOccupied': True, 'isPremierBuilder': False, 'isZillowOwned': False, 'currency': 'USD', 'country': 'USA', 'taxAssessedValue': 554231.0, 'lotAreaValue': 9147.0, 'lotAreaUnit': 'sqft'}}",ForRent,For Rent,False,False,2022-09-26 00:00:00
74,,,"$3,200/mo","{'latitude': 33.12039, 'longitude': -96.70629}",,,,https://photos.zillowstatic.com/fp/951a0ebca8c68fa59f4728b7c2081f03-p_e.jpg,True,,False,,,,--,"{'type': 'TIME_ON_INFO', 'text': '22 days ago', 'data': {'isFresh': False}}",,FOR_RENT,House for rent,,False,/homedetails/1429-Glendover-Dr-Allen-TX-75013/26674108_zpid/,False,False,,26674108,$3.2K,4.0,3.0,2843.0,False,False,False,"{'homeInfo': {'zpid': 26674108, 'zipcode': '75013', 'city': 'Allen', 'state': 'TX', 'latitude': 33.12039, 'longitude': -96.70629, 'price': 3200.0, 'bathrooms': 3.0, 'bedrooms': 4.0, 'livingArea': 2843.0, 'homeType': 'SINGLE_FAMILY', 'homeStatus': 'FOR_RENT', 'daysOnZillow': -1, 'isFeatured': False, 'shouldHighlight': False, 'isRentalWithBasePrice': False, 'zestimate': 596200, 'rentZestimate': 3200, 'listing_sub_type': {}, 'isUnmappable': False, 'isPreforeclosureAuction': False, 'homeStatusForHDP': 'FOR_RENT', 'priceForHDP': 3200.0, 'isNonOwnerOccupied': True, 'isPremierBuilder': False, 'isZillowOwned': False, 'currency': 'USD', 'country': 'USA', 'taxAssessedValue': 359066.0, 'lotAreaValue': 7840.0, 'lotAreaUnit': 'sqft'}}",ForRent,For Rent,False,False,2022-09-02 00:00:00
75,,,"$2,990/mo","{'latitude': 33.12808, 'longitude': -96.66884}",,,,https://photos.zillowstatic.com/fp/e42889ef57a9756ab8b5caa47c23d0c9-p_e.jpg,True,,False,,,,--,"{'type': 'TIME_ON_INFO', 'text': '55 days ago', 'data': {'isFresh': False}}",,FOR_RENT,Townhouse for rent,,False,/homedetails/1943-McClane-Dr-Allen-TX-75013/337787955_zpid/,False,False,,337787955,$3.0K,3.0,3.0,1814.0,False,False,False,"{'homeInfo': {'zpid': 337787955, 'zipcode': '75013', 'city': 'Allen', 'state': 'TX', 'latitude': 33.12808, 'longitude': -96.66884, 'price': 2990.0, 'datePriceChanged': 1663138800000, 'bathrooms': 3.0, 'bedrooms': 3.0, 'livingArea': 1814.0, 'homeType': 'TOWNHOUSE', 'homeStatus': 'FOR_RENT', 'daysOnZillow': -1, 'isFeatured': False, 'shouldHighlight': False, 'isRentalWithBasePrice': False, 'zestimate': 424400, 'rentZestimate': 3171, 'listing_sub_type': {}, 'priceReduction': '$110 (Sep 14)', 'isUnmappable': False, 'isPreforeclosureAuction': False, 'homeStatusForHDP': 'FOR_RENT', 'priceForHDP': 2990.0, 'priceChange': -110, 'isNonOwnerOccupied': True, 'isPremierBuilder': False, 'isZillowOwned': False, 'currency': 'USD', 'country': 'USA', 'taxAssessedValue': 44100.0, 'lotAreaValue': 3136.0, 'lotAreaUnit': 'sqft'}}",ForRent,For Rent,False,False,
76,,,"$3,100/mo","{'latitude': 33.090656, 'longitude': -96.73209}",,,,https://photos.zillowstatic.com/fp/078ad0f4400ca85f7302be5a6ac2399a-p_e.jpg,True,,False,,,,--,"{'type': 'TIME_ON_INFO', 'text': '52 days ago', 'data': {'isFresh': False}}",,FOR_RENT,House for rent,,False,/homedetails/2043-Camelot-Dr-Allen-TX-75013/26669707_zpid/,False,False,,26669707,$3.1K,4.0,3.5,2898.0,False,False,False,"{'homeInfo': {'zpid': 26669707, 'zipcode': '75013', 'city': 'Allen', 'state': 'TX', 'latitude': 33.090656, 'longitude': -96.73209, 'price': 3100.0, 'datePriceChanged': 1661842800000, 'bathrooms': 3.5, 'bedrooms': 4.0, 'livingArea': 2898.0, 'homeType': 'SINGLE_FAMILY', 'homeStatus': 'FOR_RENT', 'daysOnZillow': -1, 'isFeatured': False, 'shouldHighlight': False, 'isRentalWithBasePrice': False, 'zestimate': 547500, 'rentZestimate': 3200, 'listing_sub_type': {}, 'priceReduction': '$250 (Aug 30)', 'isUnmappable': False, 'isPreforeclosureAuction': False, 'homeStatusForHDP': 'FOR_RENT', 'priceForHDP': 3100.0, 'priceChange': -250, 'isNonOwnerOccupied': True, 'isPremierBuilder': False, 'isZillowOwned': False, 'currency': 'USD', 'country': 'USA', 'taxAssessedValue': 347737.0, 'lotAreaValue': 5662.0, 'lotAreaUnit': 'sqft'}}",ForRent,For Rent,False,False,2022-09-16 00:00:00
77,,,"$2,250/mo","{'latitude': 33.093277, 'longitude': -96.6488}",,,,https://photos.zillowstatic.com/fp/e5818e791176a54f445251d0937c3651-p_e.jpg,True,,False,,,,--,"{'type': 'TIME_ON_INFO', 'text': '40 days ago', 'data': {'isFresh': False}}",,FOR_RENT,House for rent,,False,/homedetails/800-Rolling-Ridge-Dr-Allen-TX-75002/26621690_zpid/,False,False,,26621690,$2.2K,3.0,2.0,1277.0,False,False,False,"{'homeInfo': {'zpid': 26621690, 'zipcode': '75002', 'city': 'Allen', 'state': 'TX', 'latitude': 33.093277, 'longitude': -96.6488, 'price': 2250.0, 'bathrooms': 2.0, 'bedrooms': 3.0, 'livingArea': 1277.0, 'homeType': 'SINGLE_FAMILY', 'homeStatus': 'FOR_RENT', 'daysOnZillow': -1, 'isFeatured': False, 'shouldHighlight': False, 'isRentalWithBasePrice': False, 'zestimate': 322900, 'rentZestimate': 1895, 'listing_sub_type': {}, 'isUnmappable': False, 'isPreforeclosureAuction': False, 'homeStatusForHDP': 'FOR_RENT', 'priceForHDP': 2250.0, 'isNonOwnerOccupied': True, 'isPremierBuilder': False, 'isZillowOwned': False, 'currency': 'USD', 'country': 'USA', 'taxAssessedValue': 197219.0, 'lotAreaValue': 5662.0, 'lotAreaUnit': 'sqft'}}",ForRent,For Rent,False,False,2022-10-01 00:00:00
78,,,"$2,500/mo","{'latitude': 33.096497, 'longitude': -96.731064}",,,,https://photos.zillowstatic.com/fp/02824d5b4ddb3fe51106a63db795c6f8-p_e.jpg,True,,False,,,,--,"{'type': 'TIME_ON_INFO', 'text': '58 days ago', 'data': {'isFresh': False}}",,FOR_RENT,House for rent,,False,/homedetails/314-Calstone-Dr-Allen-TX-75013/53103009_zpid/,False,False,,53103009,$2.5K,3.0,2.0,1767.0,False,False,False,"{'homeInfo': {'zpid': 53103009, 'zipcode': '75013', 'city': 'Allen', 'state': 'TX', 'latitude': 33.096497, 'longitude': -96.731064, 'price': 2500.0, 'bathrooms': 2.0, 'bedrooms': 3.0, 'livingArea': 1767.0, 'homeType': 'SINGLE_FAMILY', 'homeStatus': 'FOR_RENT', 'daysOnZillow': -1, 'isFeatured': False, 'shouldHighlight': False, 'isRentalWithBasePrice': False, 'zestimate': 398700, 'rentZestimate': 2449, 'listing_sub_type': {}, 'isUnmappable': False, 'isPreforeclosureAuction': False, 'homeStatusForHDP': 'FOR_RENT', 'priceForHDP': 2500.0, 'isNonOwnerOccupied': True, 'isPremierBuilder': False, 'isZillowOwned': False, 'currency': 'USD', 'country': 'USA', 'taxAssessedValue': 261667.0}}",ForRent,For Rent,False,False,2022-09-01 00:00:00
79,,,"$3,800/mo","{'latitude': 33.125946, 'longitude': -96.67408}",,,,https://photos.zillowstatic.com/fp/a7d2828b876b97876d7c8d578abd0961-p_e.jpg,True,,False,,,,--,"{'type': 'TIME_ON_INFO', 'text': '2 days ago', 'data': {'isFresh': False}}",,FOR_RENT,House for rent,,False,/homedetails/910-Redbird-Ln-Allen-TX-75013/80065294_zpid/,False,False,,80065294,$3.8K,4.0,3.5,3647.0,False,False,False,"{'homeInfo': {'zpid': 80065294, 'zipcode': '75013', 'city': 'Allen', 'state': 'TX', 'latitude': 33.125946, 'longitude': -96.67408, 'price': 3800.0, 'bathrooms': 3.5, 'bedrooms': 4.0, 'livingArea': 3647.0, 'homeType': 'SINGLE_FAMILY', 'homeStatus': 'FOR_RENT', 'daysOnZillow': -1, 'isFeatured': False, 'shouldHighlight': False, 'isRentalWithBasePrice': False, 'zestimate': 708200, 'rentZestimate': 3833, 'listing_sub_type': {}, 'isUnmappable': False, 'isPreforeclosureAuction': False, 'homeStatusForHDP': 'FOR_RENT', 'priceForHDP': 3800.0, 'isNonOwnerOccupied': True, 'isPremierBuilder': False, 'isZillowOwned': False, 'currency': 'USD', 'country': 'USA', 'taxAssessedValue': 467721.0, 'lotAreaValue': 8363.0, 'lotAreaUnit': 'sqft'}}",ForRent,For Rent,False,False,
80,,,"$3,250/mo","{'latitude': 33.086758, 'longitude': -96.71383}",,,,https://photos.zillowstatic.com/fp/bb2f22fe15425133839ecd6ceaf61c54-p_e.jpg,True,,False,,,,--,"{'type': 'TIME_ON_INFO', 'text': '25 days ago', 'data': {'isFresh': False}}",,FOR_RENT,House for rent,,False,/homedetails/1511-Westmont-Dr-Allen-TX-75013/53107529_zpid/,False,False,,53107529,$3.2K,4.0,2.5,3079.0,False,False,False,"{'homeInfo': {'zpid': 53107529, 'zipcode': '75013', 'city': 'Allen', 'state': 'TX', 'latitude': 33.086758, 'longitude': -96.71383, 'price': 3250.0, 'bathrooms': 2.5, 'bedrooms': 4.0, 'livingArea': 3079.0, 'homeType': 'SINGLE_FAMILY', 'homeStatus': 'FOR_RENT', 'daysOnZillow': -1, 'isFeatured': False, 'shouldHighlight': False, 'isRentalWithBasePrice': False, 'zestimate': 576100, 'rentZestimate': 3200, 'listing_sub_type': {}, 'isUnmappable': False, 'isPreforeclosureAuction': False, 'homeStatusForHDP': 'FOR_RENT', 'priceForHDP': 3250.0, 'isNonOwnerOccupied': True, 'isPremierBuilder': False, 'isZillowOwned': False, 'currency': 'USD', 'country': 'USA', 'taxAssessedValue': 398214.0}}",ForRent,For Rent,False,False,
81,,,"$2,900/mo","{'latitude': 33.101536, 'longitude': -96.63509}",,,,https://photos.zillowstatic.com/fp/e72064ab8a6d68e4bdab1b1604ec0c63-p_e.jpg,True,,False,,,,--,"{'type': 'TIME_ON_INFO', 'text': '32 days ago', 'data': {'isFresh': False}}",,FOR_RENT,House for rent,,False,/homedetails/111-N-Alder-Dr-Allen-TX-75002/53114783_zpid/,False,False,,53114783,$2.9K,4.0,3.0,2875.0,False,False,False,"{'homeInfo': {'zpid': 53114783, 'zipcode': '75002', 'city': 'Allen', 'state': 'TX', 'latitude': 33.101536, 'longitude': -96.63509, 'price': 2900.0, 'datePriceChanged': 1663225200000, 'bathrooms': 3.0, 'bedrooms': 4.0, 'livingArea': 2875.0, 'homeType': 'SINGLE_FAMILY', 'homeStatus': 'FOR_RENT', 'daysOnZillow': -1, 'isFeatured': False, 'shouldHighlight': False, 'isRentalWithBasePrice': False, 'zestimate': 584800, 'rentZestimate': 3121, 'listing_sub_type': {}, 'priceReduction': '$100 (Sep 15)', 'isUnmappable': False, 'isPreforeclosureAuction': False, 'homeStatusForHDP': 'FOR_RENT', 'priceForHDP': 2900.0, 'priceChange': -100, 'isNonOwnerOccupied': True, 'isPremierBuilder': False, 'isZillowOwned': False, 'currency': 'USD', 'country': 'USA', 'taxAssessedValue': 327274.0}}",ForRent,For Rent,False,False,
82,,,"$2,500/mo","{'latitude': 33.116154, 'longitude': -96.630264}",,,,https://photos.zillowstatic.com/fp/5782cc2d8fe369729f8734514c91536a-p_e.jpg,True,,False,,,,--,"{'type': 'TIME_ON_INFO', 'text': '27 days ago', 'data': {'isFresh': False}}",,FOR_RENT,House for rent,,False,/homedetails/1550-Silver-Spur-Dr-Allen-TX-75002/62572806_zpid/,False,False,,62572806,$2.5K,3.0,2.0,1499.0,False,False,False,"{'homeInfo': {'zpid': 62572806, 'zipcode': '75002', 'city': 'Allen', 'state': 'TX', 'latitude': 33.116154, 'longitude': -96.630264, 'price': 2500.0, 'bathrooms': 2.0, 'bedrooms': 3.0, 'livingArea': 1499.0, 'homeType': 'SINGLE_FAMILY', 'homeStatus': 'FOR_RENT', 'daysOnZillow': -1, 'isFeatured': False, 'shouldHighlight': False, 'isRentalWithBasePrice': False, 'zestimate': 412700, 'rentZestimate': 2100, 'listing_sub_type': {}, 'isUnmappable': False, 'isPreforeclosureAuction': False, 'homeStatusForHDP': 'FOR_RENT', 'priceForHDP': 2500.0, 'isNonOwnerOccupied': True, 'isPremierBuilder': False, 'isZillowOwned': False, 'currency': 'USD', 'country': 'USA', 'taxAssessedValue': 261296.0, 'lotAreaValue': 10018.0, 'lotAreaUnit': 'sqft'}}",ForRent,For Rent,False,False,
83,,,"$2,550/mo","{'latitude': 33.08285, 'longitude': -96.65321}",,,,https://photos.zillowstatic.com/fp/641e712992de6ae7bec818dcd04e20b6-p_e.jpg,True,,False,,,,--,"{'type': 'TIME_ON_INFO', 'text': '22 days ago', 'data': {'isFresh': False}}",,FOR_RENT,House for rent,,False,/homedetails/827-Cornell-Ln-Allen-TX-75002/26656903_zpid/,False,False,,26656903,$2.6K,3.0,2.0,1648.0,False,False,False,"{'homeInfo': {'zpid': 26656903, 'zipcode': '75002', 'city': 'Allen', 'state': 'TX', 'latitude': 33.08285, 'longitude': -96.65321, 'price': 2550.0, 'bathrooms': 2.0, 'bedrooms': 3.0, 'livingArea': 1648.0, 'homeType': 'SINGLE_FAMILY', 'homeStatus': 'FOR_RENT', 'daysOnZillow': -1, 'isFeatured': False, 'shouldHighlight': False, 'isRentalWithBasePrice': False, 'zestimate': 385300, 'rentZestimate': 2227, 'listing_sub_type': {}, 'isUnmappable': False, 'isPreforeclosureAuction': False, 'homeStatusForHDP': 'FOR_RENT', 'priceForHDP': 2550.0, 'isNonOwnerOccupied': True, 'isPremierBuilder': False, 'isZillowOwned': False, 'currency': 'USD', 'country': 'USA', 'taxAssessedValue': 264124.0, 'lotAreaValue': 8276.0, 'lotAreaUnit': 'sqft'}}",ForRent,For Rent,False,False,
84,,,"$2,400/mo","{'latitude': 33.08237, 'longitude': -96.62598}",,,,https://photos.zillowstatic.com/fp/796f89a1611fe3c2c3bc2e5b48f8d460-p_e.jpg,True,,False,,,,--,"{'type': 'TIME_ON_INFO', 'text': '30 days ago', 'data': {'isFresh': False}}",,FOR_RENT,House for rent,,False,/homedetails/1714-Woodstream-Ln-Allen-TX-75002/26672207_zpid/,False,False,,26672207,$2.4K,3.0,2.0,2210.0,False,False,False,"{'homeInfo': {'zpid': 26672207, 'zipcode': '75002', 'city': 'Allen', 'state': 'TX', 'latitude': 33.08237, 'longitude': -96.62598, 'price': 2400.0, 'bathrooms': 2.0, 'bedrooms': 3.0, 'livingArea': 2210.0, 'homeType': 'SINGLE_FAMILY', 'homeStatus': 'FOR_RENT', 'daysOnZillow': -1, 'isFeatured': False, 'shouldHighlight': False, 'isRentalWithBasePrice': False, 'zestimate': 438300, 'rentZestimate': 2664, 'listing_sub_type': {}, 'isUnmappable': False, 'isPreforeclosureAuction': False, 'homeStatusForHDP': 'FOR_RENT', 'priceForHDP': 2400.0, 'isNonOwnerOccupied': True, 'isPremierBuilder': False, 'isZillowOwned': False, 'currency': 'USD', 'country': 'USA', 'taxAssessedValue': 306647.0}}",ForRent,For Rent,False,False,
85,,,"$3,400/mo","{'latitude': 33.09587, 'longitude': -96.7098}",,,,https://photos.zillowstatic.com/fp/44d90565f5415996c6bf57a1f127c163-p_e.jpg,True,,False,,,,--,"{'type': 'TIME_ON_INFO', 'text': '77 days ago', 'data': {'isFresh': False}}",,FOR_RENT,House for rent,,False,/homedetails/405-Suncreek-Dr-Allen-TX-75013/53115952_zpid/,False,False,,53115952,$3.4K,4.0,3.5,3291.0,False,False,False,"{'homeInfo': {'zpid': 53115952, 'zipcode': '75013', 'city': 'Allen', 'state': 'TX', 'latitude': 33.09587, 'longitude': -96.7098, 'price': 3400.0, 'bathrooms': 3.5, 'bedrooms': 4.0, 'livingArea': 3291.0, 'homeType': 'SINGLE_FAMILY', 'homeStatus': 'FOR_RENT', 'daysOnZillow': -1, 'isFeatured': False, 'shouldHighlight': False, 'isRentalWithBasePrice': False, 'zestimate': 584000, 'rentZestimate': 3280, 'listing_sub_type': {}, 'isUnmappable': False, 'isPreforeclosureAuction': False, 'homeStatusForHDP': 'FOR_RENT', 'priceForHDP': 3400.0, 'isNonOwnerOccupied': True, 'isPremierBuilder': False, 'isZillowOwned': False, 'currency': 'USD', 'country': 'USA', 'taxAssessedValue': 396623.0, 'lotAreaValue': 5662.0, 'lotAreaUnit': 'sqft'}}",ForRent,For Rent,False,False,
86,,,"$2,700/mo","{'latitude': 33.123466, 'longitude': -96.66995}",,,,https://photos.zillowstatic.com/fp/52502e29303d07514580a4fab2ab36cc-p_e.jpg,True,,False,,,,--,"{'type': 'TIME_ON_INFO', 'text': '84 days ago', 'data': {'isFresh': False}}",,FOR_RENT,House for rent,,False,/homedetails/616-Club-Dr-Allen-TX-75013/168647381_zpid/,False,False,,168647381,$2.7K,3.0,2.5,1912.0,False,False,False,"{'homeInfo': {'zpid': 168647381, 'zipcode': '75013', 'city': 'Allen', 'state': 'TX', 'latitude': 33.123466, 'longitude': -96.66995, 'price': 2700.0, 'bathrooms': 2.5, 'bedrooms': 3.0, 'livingArea': 1912.0, 'homeType': 'SINGLE_FAMILY', 'homeStatus': 'FOR_RENT', 'daysOnZillow': -1, 'isFeatured': False, 'shouldHighlight': False, 'isRentalWithBasePrice': False, 'zestimate': 473700, 'rentZestimate': 2679, 'listing_sub_type': {}, 'isUnmappable': False, 'isPreforeclosureAuction': False, 'homeStatusForHDP': 'FOR_RENT', 'priceForHDP': 2700.0, 'isNonOwnerOccupied': True, 'isPremierBuilder': False, 'isZillowOwned': False, 'currency': 'USD', 'country': 'USA', 'taxAssessedValue': 321819.0}}",ForRent,For Rent,False,False,
87,,,"$1,890/mo","{'latitude': 33.08172, 'longitude': -96.67151}",,,,https://photos.zillowstatic.com/fp/38d5184c0d60b772d8fa437851383d22-p_e.jpg,True,,False,,,,--,"{'type': 'TIME_ON_INFO', 'text': '5 days ago', 'data': {'isFresh': False}}",,FOR_RENT,House for rent,,False,/homedetails/521-Oldbridge-Dr-Allen-TX-75002/26623751_zpid/,False,False,,26623751,$1.9K,3.0,2.0,1259.0,False,False,False,"{'homeInfo': {'zpid': 26623751, 'zipcode': '75002', 'city': 'Allen', 'state': 'TX', 'latitude': 33.08172, 'longitude': -96.67151, 'price': 1890.0, 'bathrooms': 2.0, 'bedrooms': 3.0, 'livingArea': 1259.0, 'homeType': 'SINGLE_FAMILY', 'homeStatus': 'FOR_RENT', 'daysOnZillow': -1, 'isFeatured': False, 'shouldHighlight': False, 'isRentalWithBasePrice': False, 'zestimate': 301200, 'rentZestimate': 1996, 'listing_sub_type': {}, 'isUnmappable': False, 'isPreforeclosureAuction': False, 'homeStatusForHDP': 'FOR_RENT', 'priceForHDP': 1890.0, 'isNonOwnerOccupied': True, 'isPremierBuilder': False, 'isZillowOwned': False, 'currency': 'USD', 'country': 'USA', 'taxAssessedValue': 202872.0, 'lotAreaValue': 6098.0, 'lotAreaUnit': 'sqft'}}",ForRent,For Rent,False,False,2022-09-19 00:00:00
88,33.1023--96.70397,1001621808.0,"$1,346+/mo","{'latitude': 33.1023, 'longitude': -96.70397}",1.0,1.0,736.0,https://photos.zillowstatic.com/fp/ce415f88aad726d067d6939d2d32e136-p_e.jpg,True,5bybmq80c9hcd,True,18.0,Settler's Gate,True,"1420 W McDermott Dr, Allen, TX","{'type': '3D_HOME', 'text': '3D Tour'}",,FOR_RENT,Settler's Gate,,False,/b/settler%27s-gate-allen-tx-5XkdbP/,True,False,True,,,,,,,,,,,,,,
